Actual_Voltage,DNN_Predicted,SVR_Predicted,KRR_Predicted
4.965138348333345,3.7342706,4.457375612173558,4.2713871477431296
1.659743654999997,1.6055912,1.7123219750004717,2.1480829690185366
2.043466723333357,2.1327822,1.1750830666783658,2.2488843293553615
0.848932032499999,-0.6139661,0.7756344315862059,0.132473887435508
1.4760271400000011,1.2611411,1.2244482605136442,1.5211813259661995
3.951765615500001,3.4325323,3.8736717316644524,3.943674554033598
0.062309139999997,1.1897295,1.3098670031260733,1.6985352441733148
2.508448786666666,2.267732,2.2877225205290097,2.3001967618554424
0.093648687115384,-0.33481473,0.02095911544839002,-0.03556631382738556
0.812839430000001,1.0299348,0.9625403445299988,1.6104875734727881
3.099622796551703,2.7030015,3.2658284786147727,3.679268737582102
2.9507782300000023,1.971602,2.1684468638975654,1.998420356113927
4.095810958333321,2.9239736,3.2025127447408304,3.6560932009438405
5.56046750750001,5.1249447,5.529893969093139,3.9601425283016076
1.7462369649999971,1.6357614,1.8280051250473557,1.1622195565678912
3.091811035000002,2.4947891,3.3511565627398854,2.562089076952745
3.021255741666669,2.9659572,3.1163148478975566,3.397139961799693
0.251058887499998,-0.6155435,0.48241868733193705,1.502575445889708
1.4379463525000031,1.1511658,1.0186426489154679,0.6916768395532745
2.345968633000005,3.752994,2.3964114839370305,2.567177851859624
2.159152006551721,1.7300105,1.7032955006177746,1.9145344605438543
1.447809625000005,0.6186166,1.1391860451003106,1.1528403509080516
-0.684212846666663,-0.6668812,-0.7070538954106004,-0.21264582913855878
5.529354370833322,3.9811447,5.012284461674974,4.521375898060241
2.982477596551721,3.9964705,3.914490224370632,3.427658935269987
3.994505840833317,3.5489867,3.990030268775116,4.029746472584386
3.051595750833333,3.1837153,3.193114801442989,3.875490869169447
1.189669464999998,1.2944627,0.7846204783722123,1.4560753954254735
4.239597669051729,3.4878516,3.9886815720951683,3.686184972042062
0.040247152222223,1.1221508,1.4877549069673561,1.1754392123163835
3.376979578333338,3.9361382,4.441895789114342,4.124815769467011
3.202911608333328,3.6403403,3.9348219364117307,3.339082439245468
2.484676143888888,2.4534545,2.977758915010896,3.005645695440944
2.732292303333342,2.651626,3.327362415280679,3.2278809698477624
3.757577073333327,3.0474563,4.197891109681934,3.569206721332482
1.713961029999997,2.1255846,2.4042761578476908,2.492340892412013
4.068732118958334,3.5651536,3.4353918725576102,3.874019956710715
0.99933241,0.5021213,0.5560089925770431,0.2911833961733436
3.999739583333341,3.9300852,3.9164800900192853,3.374168312171649
3.800156808333334,4.0000505,3.9185800445914234,3.326164873144252
3.7011811090517353,2.8548322,3.365733786756409,3.3520917215164032
0.866964974999997,0.39206287,1.470217638165992,1.0256683508612205
2.9185619088888872,3.0303388,3.3124932272612435,2.8715555014374354
2.493116836551724,2.5795534,2.6006092436774475,2.4780183557514435
4.004752400833337,3.6907125,3.6777423933504183,3.3396840571370254
4.81758314708333,3.957545,4.270445021953628,4.264335667253936
5.270360383333332,3.7080605,4.24190085228117,4.086890875596538
0.6637575599999981,1.3676345,0.7121646895139059,1.9089776441929944
-0.299026424999989,-0.6704713,0.6374537431640953,1.3064862094934897
4.415403159583339,3.4576306,3.808146419493206,4.237461671754131
3.612905546551719,3.2499514,3.5584159037496486,3.845417026394463
4.72837373083333,4.505179,4.839842475207662,4.498192735516994
2.765363914999999,2.1099138,2.047529721465872,2.181959697409414
0.466876891666667,1.1072861,1.2568745734579148,1.2572143289437083
2.867956095833333,2.59336,3.0461814422310107,3.639436313372187
-1.373085155000001,-1.3667648,-1.282874359139064,-0.962147369544853
3.594559968333333,2.1064978,1.94727625850068,2.4398796495549204
3.05722149,2.5931501,2.9533363595382314,2.801436044470426
4.032006620833333,3.811163,4.23792350736482,3.704630619959008
1.248812754999993,2.0895844,1.828344084839327,2.1430426065685575
-0.320398052499999,-0.52108157,-0.5224620691854148,0.2322739713543127
2.037159313,3.189158,2.6258592886089067,3.4358409909097434
1.483632754999999,1.4266665,1.1213249630402808,1.6938191074965407
1.751615615000003,2.6675053,3.5108702220395367,2.8647930840749734
4.10154535833333,3.383216,3.388395619080783,3.6999371753170918
2.687154595,2.5076585,2.282494755125037,1.9924011245751392
3.246165253333349,3.2806268,3.4280368696140764,3.143945359966967
2.5314177699999942,3.1201847,3.2314004883793723,2.282515685315497
2.159298630833331,2.5262852,2.909965413529826,2.9595463418628563
2.142448034999998,1.682041,2.1733638480088553,1.7836543237187736
0.146743223333335,0.60131216,0.049431829112024483,0.4510625975174925
1.533470033333349,1.8641511,1.321491173485513,1.5232268072692001
3.923507368333337,2.728083,3.30123711338456,3.260625993274595
-0.340492964999998,-0.55231595,-0.44239932594737674,-0.4065053430719401
2.55168825833334,2.3145573,2.452642063255028,2.459458888633898
3.263454587499997,2.6720772,3.0159079696423285,3.262334508088449
3.119356584885057,1.3156333,1.939055037718128,1.9216960482237744
-0.210407007500001,0.42176592,-0.5179050813263287,0.3304477165023105
5.7911895133332845,3.4538527,5.305833430900315,4.5145735103362705
3.673781190833343,3.4730127,3.7970759491350643,4.083689875738443
0.396904670000001,0.66657746,0.45851172184079025,0.5922713504577267
4.064203288333378,2.6354768,3.9040895673312273,3.9271031777610497
0.585277975000001,0.7358763,0.687919058120351,1.6629049753038532
1.721756393333334,1.680548,1.8118623365065725,1.6689469029451214
2.996003828750005,2.9869895,3.209648170412362,3.579545159577629
1.510183050000002,1.5221037,1.4960803137435699,1.170835514724189
4.491751610833323,3.4852288,3.708856875602323,3.6212223362898657
3.421989107499999,3.0265927,2.8134644585363455,2.633543090797738
4.918742306666678,4.744798,4.984315980501131,4.636302159319996
3.76590303655173,3.6019375,4.416371213311394,2.918441129444472
2.516350212499998,2.5732126,2.5034410432318426,1.7546310088344255
0.718896023333333,1.8220661,2.41958547900341,1.9480192928030509
3.105025982500003,3.3093095,3.36075731623803,3.088551668520282
2.503978578000001,1.1498916,1.4534054237784568,1.418596639549914
4.034897215833337,3.3890114,3.5198410476029816,3.5165985704685423
3.404866117222225,4.029472,3.9736765479002267,3.193250949941348
0.144013505000001,0.55277455,0.9304553689785856,1.2170732809500984
2.976786365833338,-0.27906674,2.8958642531825953,2.7189605527138543
3.061722057333331,4.0244985,3.882088196783074,3.075812302648719
-0.115084030000001,-0.2713849,-0.4193339745675938,-0.030301301110950786
1.367562520000002,1.5423737,1.6714649844098313,1.9030806581441022
0.696042039999999,0.91940606,0.8345556677115881,0.7006471395118203
1.889648675000001,2.492319,2.7719704486145043,3.1991149355356745
0.7366794750000071,1.130913,1.380513590001656,0.9507739659493338
2.353501049583333,3.0859284,2.7672609682884977,2.583961960483216
1.928264973333289,-0.07565032,0.8146304016912475,0.6789916178351941
3.606140787500005,2.5909595,3.276029478002827,3.8276055037365633
1.614353426551723,3.6015997,3.5925376527315587,3.555981893838391
5.159492045833336,4.541588,4.97062878298101,4.564973057309518
-0.095015619999993,0.87221867,0.29131119441359565,1.2084211500074398
10.5291479925,0.50334233,0.2993775864069261,0.7212420871130927
1.412416484999998,2.2565308,1.669903621529877,1.9131331351958194
3.150046953333348,3.2806268,3.4280368696140764,3.143945359966967
4.688218982083332,4.499796,4.832205169240873,4.49525644466538
4.270554878333333,3.58001,4.007419780444594,4.140380779594243
1.226253273333332,0.3327045,-0.016108869676606408,0.954910962392442
3.717526005833339,2.7956407,3.121099925035943,3.4961493873011564
1.053050619999997,1.7705741,2.972464316666046,1.0630866118667464
4.354066903333352,3.1281755,3.423711483560248,3.534858028669521
2.610911990000009,1.8357263,2.2175903172808384,2.282403544464032
4.244732465000001,4.254652,3.9437798760383496,4.039649240364563
0.231060009999997,-0.007173229,1.0173745973097974,0.5529200931021899
3.02762610875,2.914057,2.665910129140131,2.2493437385705546
3.365441028333333,3.7242599,3.378963000053411,3.6493372099594663
3.679167843333336,3.8010678,3.4569745982508246,3.0923178910851195
2.6650029466666583,2.627165,3.021238540873669,3.0420888975585423
3.912478458000002,3.0800261,3.13535821728295,3.456226056409703
4.18695276,3.9250703,3.399854717317326,3.5723856454611775
2.074648205000007,3.231747,3.3871072116454153,2.337049539457284
2.203955641551719,2.3452961,2.7359546491644418,3.230437423274412
-0.421142745000007,1.0506526,0.5512871765560047,0.43939035563370626
2.177620077499999,2.371303,1.9883704899939838,2.197111672204991
2.284670235833336,1.729599,2.1637831870370343,2.3039779714338002
1.439524123333332,1.606472,2.2065380751440964,2.083928082583812
3.756416440000011,1.6935204,2.5908349481068464,3.099382801551785
1.965585337500002,1.923553,2.079453800609735,2.059358868464691
2.19836140833333,2.4276235,2.0744008292132614,1.898897730151089
3.095249182499998,3.247519,3.295462873113629,2.5794033798467493
3.685072813333332,3.9253926,3.9108807273633284,3.68331995231002
3.177038253333336,2.9532194,3.0286734502862283,2.879622398851785
1.232189314999996,1.227506,1.2624876156510405,1.4813652386208203
1.115705684999998,2.0027745,1.0226948428117746,1.2792519515415144
0.863959474999998,2.1224468,3.708560860165247,1.7620898286455478
2.918349435,2.3395953,2.5168062508850655,1.9247091953001478
3.327431433333328,3.6318178,3.4235394900208584,3.2937451422516615
2.940580099999995,2.134319,2.7272613799630614,2.0357059806846083
4.061294474999999,3.214832,3.5827344926663054,2.9196808614578735
3.681827723333332,3.6301918,3.8234355407034153,4.029206302127111
3.8911651950000152,4.4934278,4.0857127769079975,4.232668020732723
1.571571107500003,0.8948793,1.2382228141961855,1.1763925283332537
4.060498740833337,3.6424549,4.109584104778961,4.1923001240300835
3.652500228333335,3.5735097,3.639647467330094,3.1823220359045505
-0.094888335000002,0.51947176,0.24386185492127133,0.07930065091121859
-0.101953134999997,-0.020946492,0.12017443052600008,-0.3464622197835406
3.369766950833328,3.7490907,3.841607037241361,3.7482865481716083
3.21422806499999,1.0322024,0.532794226409174,1.1099553076968387
-0.024425852499998,0.8658552,0.09963675727031862,1.0127108879424436
0.8648230199999961,0.66226673,1.470168445702897,1.808910466342843
3.41580771833333,2.3345442,3.4426099188961112,3.045197494489896
-0.7006806724999911,0.5575558,-0.6175754737423907,0.7143233481326557
4.351617578333337,3.660615,4.372820128707191,4.083104239491637
5.404884023333329,4.3913927,5.091486298949975,4.505119936434155
3.612223474999996,3.713178,3.9133208432763604,3.755306361547818
2.098752479999997,3.3244371,3.376749904673532,3.353437109908117
-0.8262379325000021,-1.250121,0.009044694206516435,0.03401173972475229
3.372263413333333,2.5452137,2.8136937860314513,2.6591500009062243
5.646601353333328,4.424944,5.144547118012206,4.575104227791122
2.201821813333336,2.3585494,2.014375228990415,2.1202816038018866
-0.106065727499997,0.78788614,0.7119582018847631,1.1099121444155626
3.675562125833342,3.4681852,3.8540966519011315,4.065828528384351
-0.170671930000004,0.37993348,0.4639026383630743,1.3760719549269964
-0.591868185000005,-0.38456243,-0.383063249950892,-0.10877323495704422
0.275825904999998,0.11198829,0.2961528096993157,1.007831669289938
-0.957303665,-1.8472941,-1.608356004232987,-0.651674789770868
1.036185530000005,1.2244873,1.2244595594100511,1.3241322260059467
3.8806216990517193,3.0545678,3.659815509337471,3.460676164685497
3.330665333333319,3.3214488,4.444721313964707,4.074544576685079
-0.481482682500003,-1.0790054,-0.48195049277437285,0.08718781062019487
3.033092171666669,1.3627695,2.195386029793778,2.2154117675432703
3.070848658333337,2.926552,3.186874388092982,3.8776012001725784
5.140374305833323,4.5977507,5.3315098845110365,4.624678553160127
3.858969595833338,3.3965716,3.935146022339155,4.146614844849692
-0.527639389999999,-0.45938623,0.2864517731076369,0.7359522868009875
1.340314050000008,1.2988162,1.3932137069007178,1.6685733562459968
3.197116280333333,3.4567785,3.299468245641294,3.3936469606243285
-1.9699079199999991,-1.5530896,-1.8344526799037117,-0.8392485269892935
3.262815258333352,3.051466,3.4789408055734947,3.8372550542675476
3.416357878333333,3.1113064,3.769712290558304,3.510403063479142
0.305461235,0.1366026,0.2170677290520463,0.10685263177422231
4.575910268333336,3.323937,4.120233815804725,4.016023313034813
2.7238182800000077,-0.3348296,0.5784513013686529,1.7149008400711512
-0.8593102099999991,-0.95018744,-2.501488013184079,-0.7232983026372902
4.36558580458333,5.095335,4.54307289604455,3.7662890484041456
2.435533045833332,0.68912,0.6343295659654097,1.3432656004002577
4.390224110833334,2.4665895,3.2781206404424816,3.795262845120531
0.1032629575,0.05598003,0.13326166399115214,0.12368917410858574
4.090842692999986,3.8779178,3.0979475546235458,3.3802732577814356
4.78983663708333,3.9363666,4.209064146543995,4.208929230785242
1.296230475000006,-0.5602548,0.24181605750698132,0.11966338855333847
2.085979849051714,2.7778592,3.0911386912041587,3.245693052826726
0.983379960000001,0.63186383,0.8142814590803561,0.8277371401640387
4.855683173333323,3.8701982,4.283922521611253,4.102508316315437
3.759833933333344,3.5344133,3.9744768007970217,4.121100859634403
-0.042135673333334,0.5717434,0.804341272261987,0.8672891633599439
3.983277855833326,3.3842342,3.7322612457966864,4.131349014422093
-0.090538849999996,-1.2738788,-0.3511178835778984,-0.5016237751974173
2.787166603333337,3.3964438,3.0650830784604546,3.840135148299626
0.077167855,0.29645368,0.21152887204697407,0.17495185524323853
0.356358199999999,-0.3936782,-0.01464505540177996,0.4777782674775836
0.049098168749999,-0.05546539,0.08396186344802603,-0.015828608177044144
3.6088840849999992,3.6522825,3.5358720102747236,3.5448777801980516
2.939355150000001,2.877686,3.0477916369836047,3.134491594449105
0.645620704999999,1.2199943,-0.5765977625083877,0.7201503019080536
2.241965373333333,3.3517675,3.327983895502471,2.465126417494059
2.113019834999993,1.3979156,1.7865407869793453,2.7222188254502533
1.553112971666663,2.0953379,2.8292896178882936,2.85990283908283
-0.6182778600000011,0.43966544,0.7996012128959656,1.0043350700217168
3.531303618333344,3.5497425,3.29794381616857,2.9306241780204036
-0.011280747499999,0.44235244,0.2227135684913396,0.1612408078059768
2.569693974999997,2.4748728,1.9821430005980867,1.9868011564311767
5.003675554583329,3.836338,4.646356029379789,4.565175105189539
2.610888017499999,2.8607912,3.2961904246968574,3.396025554549587
2.6098949865517262,2.93386,3.6599467097765777,3.5710072316969006
2.033407965000001,2.0210903,2.276508997697168,2.588096560917118
1.694734727499999,1.8617446,1.177166433641788,2.0165721228433116
2.043649585000001,1.4771211,0.809464490760626,1.7394129195337455
0.084128760000003,0.28013188,0.387058445081636,0.6268356990716025
2.909581414166666,1.3781512,1.4571198342550042,2.0369920814402365
3.7053596675,3.9236465,3.623704730017743,3.685669166421102
0.79549412655172,3.0030298,2.0738500127717083,2.238589139090659
-0.450029169999996,0.19448407,1.0879137036082165,0.7271722093595642
0.035743694999998,1.1884358,0.7451722734872853,1.2546514743597514
2.958580487499991,3.701501,3.8313339668786677,2.7500123438960835
-0.037412703666666,0.387922,0.37680531641207093,0.22862454275203298
3.71791555458333,2.818611,2.835348575423681,2.5546416791008633
1.845013733333334,2.5559154,1.8519457507956938,1.367730816103723
2.401295019999996,2.4213686,2.0907019438670185,2.177232505312138
3.15127609333333,3.328673,3.520408086192412,3.2224017088824737
-0.725246514999994,-0.011939276,-0.4151340830676765,-0.29008697880622397
3.529962547222218,3.7214158,3.8504251229352358,3.252843436165195
0.139448455000004,-0.30068004,-0.3620626848250518,-0.057896355538844035
3.308867805000013,2.098511,2.842877127262356,2.6308428220415583
5.227604518333326,3.9429784,4.9917304975688745,4.347029411029652
2.82435688,3.0789413,3.0462434343856595,2.294397690041607
3.735470313333327,3.1158094,3.706719219416855,3.968992355459632
3.999562447333328,4.123305,4.103512102780372,4.244913716558486
1.291062975,1.707773,1.6799389490576653,1.777355769747883
3.7286557133333,1.3983902,2.0574759236448807,1.953370262955368
-0.162936875000002,0.27107757,-0.18031803470908214,0.14243916355367425
2.05308869,2.5696177,2.3789016847592857,2.220196728370435
1.266085764999999,1.4209218,1.5437740849556585,1.646006710598503
0.756012160000001,1.314367,0.6342046655252184,0.6343464290438974
5.605890898333333,3.2827349,2.5383078934690255,3.318423718467142
-0.24043416333333,0.17132862,0.10594143739078354,0.10030324216750705
0.7885270400000021,0.9614068,1.3700624992205883,1.590258837921518
3.497531378333332,3.9181156,3.937057684838231,3.691989123060249
-0.245918394999999,0.562104,0.11954438379005772,1.3901586933857382
4.74963052083334,3.1771607,3.354390339526483,3.9194011925115873
2.603898333333338,3.341905,3.1626481664167523,3.537529020629045
4.741086927500009,4.50792,4.943453259089837,4.0529976674353465
2.7115321290517223,3.0345674,3.1953870668604276,2.743724015935673
1.132073244999991,2.702296,2.360296850457602,2.227165132546448
4.527208838333341,3.142496,3.834352553460051,3.7368955525119105
1.338949182499999,0.772996,0.5864245294476021,0.7456486572515431
3.083323130833332,3.3125954,3.9756927881348725,4.14266584826122
1.986622916551724,1.9647261,1.1467157070201504,1.8656685809717575
3.421769275000006,3.6091712,3.8158214002788435,4.035822800312518
2.263385674999997,2.2150266,2.0375235892648442,2.3263732086686835
0.021543360124999,0.2194754,0.6164706822196151,0.0043786153456200705
1.7337728633333331,2.7475257,1.4834271829913641,1.3236136221024295
2.524116049999998,2.1253312,1.8340137263384984,1.9200525116739595
3.346332314999995,2.9923887,3.383570774093564,2.5629302426401357
0.5831860000000021,1.2180156,1.7441802240353619,0.40634661250998105
3.356560958333337,1.5331852,1.934152028101228,1.1308887559195513
3.263265778333331,2.8238792,3.232665919405002,3.2484863511461715
4.6994655033333474,3.9629695,4.119750398172472,4.19091893699027
4.025664164999998,3.953925,4.273117338205609,4.023719282034949
16.123655613333373,3.1986012,2.837482579038345,2.800196888545004
5.205545305000005,3.5247853,3.6513650857920945,3.460089429295867
4.851233068333347,3.1106255,4.245196118091095,3.5905361058796204
3.9772598383333433,3.4465232,3.927554933874064,3.950356183160898
-0.5379534299999971,0.8171339,0.7711358973047248,1.3407878937994062
4.02669763083333,3.5394802,3.7282840336903087,3.503848814575109
5.016193120000023,4.4382896,3.7836140432068968,3.353527889836216
2.995272471551725,3.0296605,3.1947984475188784,2.744669322674941
-0.024787077499999,-0.5314518,-0.18594576499311843,-0.10626148936801089
1.368768506666666,0.9765547,1.0851974301639418,0.7034497253895916
3.207187718333334,2.5814188,3.499770673512523,2.9322431373013336
0.912303609999997,1.0890394,1.1678465637224997,0.5703674462006587
3.371984699166674,3.2695956,3.698519117483259,2.743979467523299
3.842117716491224,2.2010577,2.2473896667580897,1.6601549957850974
5.409895708333342,4.3820486,5.118186194817619,4.575423053337311
1.983877109999995,2.505371,3.0567784116598427,1.8055871101191654
0.481721502499998,2.0281126,2.3333428054201386,1.7877354708110205
3.9608672665517193,2.891224,3.2639023004154533,3.2262850610110636
3.894659230833331,3.883436,4.010460635499705,4.1772332658147455
2.29920566625,2.066739,2.1064120716607144,2.07764897280388
1.242086374999996,1.0231076,0.8575173133892883,0.9591623976433803
1.432580653333336,2.1619358,2.7671294791047822,2.0740245704032607
-0.5398056999999971,-0.102963954,-0.3509558917473249,0.17092862177578416
2.223335076250005,2.365991,2.678189361088905,2.8085401828693293
4.710699348333326,3.6504936,3.736678342922766,3.874783114830336
1.494325109999995,1.8571634,1.6217640728463403,1.588299107960057
0.28497903500001,0.35848385,0.24654806350117375,0.8444713236336671
1.803737469999998,2.0467181,2.226337636747279,2.303945043358541
-1.844930623666666,-2.7287395,-1.9317247786182041,-1.020049227796977
0.6202012449999941,1.1981795,0.4242445254404189,0.5925725813533154
3.196348977500002,3.4841332,2.5164995593693087,2.4146327110267523
-0.078216670333333,-0.4386369,-0.10995373699788613,-0.0466372061055671
2.601791143333334,2.609621,1.3186200664572008,2.5687888439419475
2.376154228333332,1.4894722,1.3294230541229348,2.8817902284449537
3.316359190000004,2.7159944,3.450114574226732,3.176840668748656
3.857540163750001,3.8504796,4.252217013786091,3.7698102280406114
1.071059412999999,0.92255837,1.1184371306364538,0.6418179004569609
2.8262655033333437,4.0243626,3.0450218377260905,4.328990590936503
3.479948228333318,4.031649,3.952707366741806,4.113881084859592
2.473753526250003,1.3946732,2.3090062742139503,2.8029511065194046
2.668171378333331,2.4687643,2.5614894154441794,4.015245744366979
5.188686018000006,4.7138176,4.360816639338183,3.4017374302554493
6.351212275833338,3.7342706,4.457375612173558,4.2713871477431296
4.376778470000022,6.279821,6.642663913306692,4.7479702156645045
0.094776815,-0.78238547,0.27149346895930015,0.07553937987571924
2.482539553333332,2.2264805,2.1787987604945664,2.121895362416328
3.731561593333343,3.2205906,3.8819132914206174,4.2644141654090895
4.536827918333333,4.151476,4.542491445763226,4.34432401516622
-1.482918565000001,-1.1148794,-1.4169417705980853,-0.9722453123619443
-0.402909906666667,0.40599185,0.771269401546603,0.14086483065281674
2.922433528333333,2.562832,3.2076084049994913,3.654154882745424
2.283181399999999,2.3391902,2.2746386309677584,1.8680839019251971
2.745589469051722,2.0016494,2.6300953468101875,3.095054161657565
3.6602708362500014,3.371316,3.4745402261733966,3.296107075376001
3.708165963333333,3.7957046,3.8881669441597433,3.830506127597542
4.633391458333325,3.3490052,4.327998941503751,4.2261989874218875
3.689018643333331,2.8491347,1.7657045083970369,2.875218473609888
1.262151784999993,1.4689577,1.2843625256215114,1.0732198944163083
-0.189120545,0.68569326,0.5702216686558409,0.7989800700707848
1.658714718333333,1.6559794,1.7970125171618472,1.9752470549300902
3.462697327499998,2.817162,3.4249249250245706,4.375947970228589
1.281947334999988,0.6413084,0.7958603899563607,1.456962445929366
3.127537655555554,3.1715646,3.3407288564031257,2.372690950853127
-0.47692728,-0.0763081,0.258266719243175,0.35756062046329246
3.689971454999996,2.313261,2.393744590151848,2.184811331545611
0.726644583333336,1.4168788,1.3256867081565331,1.780441112876383
0.208778633333343,2.1526103,3.6528304830147578,2.2020021263727996
0.105792583333337,1.578759,1.5495414699995544,1.569351886218931
-0.078596372499992,3.3965716,3.935146022339155,4.146614844849692
-1.376387085,-1.2431289,-1.1862543984710632,-0.567503948609121
2.694591148333335,3.2879229,3.4393893266848723,3.3330996117102427
4.666740184051722,4.5783844,5.249318075334117,4.345308212326765
2.868018504999999,2.1230435,2.3751171945680065,2.0068495059244804
2.678430807500004,2.1467762,2.1166774720385257,2.464315441240658
3.072785998333321,1.9079134,2.8395942801308403,3.6336991943509034
3.307799478333334,3.5521278,3.8023163379196214,3.5162535347324186
3.5458582237500043,1.59292,2.825107475563045,2.994816117234465
3.7826880740517232,2.7702355,3.18679768184304,3.289969080479344
5.228502603000003,5.009176,4.674741547866126,3.7600080423801656
3.464248095833331,3.4446964,3.242711442889772,2.6904385406927958
-1.502003659999995,-1.2945952,-1.8026682080353487,-0.5000273365932294
2.818501383333334,2.662854,2.4335264905289486,1.6068641607545022
2.409143143333328,2.4767847,2.9170729226757723,3.611966753786305
4.020413981250004,4.4099083,4.393475312847117,3.9505961753694
1.066483930000008,1.3009593,1.6593999295968596,1.4164934143275338
0.933319058888886,0.89275885,0.6206863479468837,0.903644382341206
0.7297572165517231,1.03636,0.7705763112416013,0.5837172726440815
4.101987503333338,2.9136817,3.55945017300212,3.977356347017171
0.90360827333333,1.6289229,1.508927568203343,2.159020205112989
4.70352962499999,4.732587,4.38515981415408,4.0435553333529075
1.9842769100000024,1.2133155,1.394723128235328,1.6979406916850708
3.516374020000005,2.3410902,3.2180083463470366,2.899303195579695
4.32322742333334,4.287982,4.384834521193697,3.794867409281257
4.109640574999999,5.630489,4.017743625017681,4.020573235189535
2.5714668008333392,2.4440262,2.5688089511352397,4.0308990133908305
2.778103846666664,2.9560304,3.2507388428257977,3.1951553992261013
1.914893619999998,2.0876155,1.694566658504443,1.8456904709468893
2.526496994999995,2.3587375,2.521493675596962,1.8214638708213717
0.93996615875,1.1393355,1.6666745137895314,1.74450495067068
2.896567945833337,2.1857042,1.4983454955581847,2.324637175578203
3.357821203333335,3.4195538,3.947240226673064,2.7140217953435797
1.526830664999996,0.76666987,1.2996809624506307,1.889487295357979
1.963945621551726,1.8552897,1.1384133027073409,1.3148933110716308
0.065182297499998,-0.17920168,-0.30966993026277756,0.29576789551773586
-0.642771710000002,-0.27511084,-1.5074438003862225,0.3539482976307824
5.081063063333336,4.541588,4.97062878298101,4.564973057309518
1.9599538962499992,0.9102267,1.458114534616045,1.409136010585127
1.9073753649999967,2.8682046,2.7267744000221805,2.2821557225498865
1.032093050000004,1.4900148,1.5992967796483528,1.5622024640808165
3.6907708324999993,3.5505452,3.9235892884994223,2.8838207229772572
4.528867653333276,3.7126665,4.33714833669253,3.3381820991363265
0.1248059975,0.5528235,0.0029222618037701986,0.04410302628064624
4.022318893333339,3.9311185,3.9305671678391585,3.379351298952443
5.18577194333334,4.9078455,4.6858058833331535,3.848602180111664
3.389559458333342,2.711606,3.395596585145314,3.2332192804378854
2.784205116551735,2.1692452,2.8295750180380717,2.0972934801387657
3.461510046874997,3.1229658,3.195617648706027,3.4896572195756135
3.895424538333339,3.8161879,3.488232462073392,3.7697536198926125
0.38700759499999,1.8515588,2.1110083214271507,1.9529924938359506
3.636997131666665,3.4225516,3.503447138508002,3.891928326874832
2.108736234999999,2.660936,2.13578420423815,2.4644594486638187
0.055579583749999,0.24075057,0.5091703269775425,0.02301717921941895
0.248407697500003,-0.42980504,-0.8186817404142871,0.15388071343348145
1.6657026225,2.2934706,1.1680232344466086,1.3869805787712706
1.056362849999996,0.10592581,0.6507135387846085,1.2436083108708227
-2.235022816666666,3.0740213,3.3413375520950703,3.611588405212823
1.0994986325,2.0839095,1.7287335628918408,2.2471310622449643
3.118528430833334,2.6112206,3.127440192559612,3.8926756037964068
5.422759084999998,4.7648087,5.702144765695974,3.990473195037311
-0.02269336,-0.558371,0.012405939888014639,0.17467531712802054
2.824224262500001,2.4688344,2.686339535261845,2.5454157158328825
2.712110415000016,2.5235453,2.6208918094423703,2.045887660547493
3.763643797499998,2.9664085,3.2977005154626875,3.478856559782398
4.522905584999999,4.166146,4.7981685327068115,3.571416417121784
0.080591104999999,0.17593433,0.5768216732927048,0.6474054483833146
0.436387869999999,1.9538623,1.6968172489925175,1.8932402992494897
1.336861652222223,0.70261174,0.8367363630479056,0.880673888893382
3.477184883333341,1.4865112,2.26338954379833,1.0355934947033527
3.405803155833333,2.9627295,3.8216529313858993,3.695293521823225
1.79113511905172,1.4950035,2.1358017656282096,2.415165424432062
2.221690219999989,2.8420815,2.2999250138743514,1.710441615487003
1.530995958888892,1.5219038,1.594272851427065,0.8411808440864824
-2.021866659999999,-1.3900986,-1.5920226905787578,-0.7050686059066286
2.273782754999999,0.7697131,0.6693362271143791,0.48685427705319106
3.949793261666672,1.2545991,0.27698832845020227,0.9196363902676598
3.284870983333334,3.4435844,3.3972690863620736,3.017584250104037
3.459292766666666,2.5682323,2.287427277838092,2.9491167605492397
2.7716783749999983,1.615655,1.5207926271286718,1.657308806564888
1.306029144999997,1.1933753,1.2946898509580516,0.850355821252083
2.073606199999996,1.6964899,2.093252370568913,2.5841193177735513
1.404447148333323,3.2793465,3.7439813775716653,3.6395719752707936
4.2998776990517245,3.3731675,4.324307344008013,3.491915889074899
4.51474495083333,3.7902849,4.754004191383239,4.394800461422912
4.571968950833342,4.793872,5.109245115527735,4.5147797504715435
3.682414704375001,4.202414,3.8714028738941737,3.088468035100288
4.161823956551723,3.937851,3.6835813757918325,3.5887203189706947
1.927368303333343,3.4427662,2.1882797323933127,2.405165400473345
4.104373148333342,3.4460793,4.075702820860664,3.4674791852713076
3.042650575833332,2.527817,2.8622765004153843,3.134447039145677
5.324006900000019,3.753934,4.4936335861789525,4.182827545480463
3.995948943333362,3.3756566,3.446871095443691,3.133137925320802
3.013763847619048,2.2722626,2.3614690806694236,2.668713299966789
3.318277253218387,3.2612746,3.2677660342051817,3.0663475372124362
0.7397915566666661,0.31013817,0.17126021845665285,0.2759665289629227
3.002782194999997,2.3949935,2.8876672272391923,2.4010501856562834
-0.8768489700000001,0.50866765,1.3155014578368425,0.14680114302860764
2.954942934166669,3.173851,2.9000084912084327,2.4750466771357127
0.633392517500003,0.19532724,1.1657653879296008,0.7799996938904412
2.147050163333337,0.70336604,-0.2296980188688701,0.019760406074426494
4.042805750833335,3.265968,4.07347129700807,4.267393090304994
0.91066746,1.0162014,0.7947661842637083,0.6473840211143168
2.9905996865517253,3.0048642,2.691265917435808,2.4981183427078557
2.936252144999994,2.1036706,2.0669436350000945,1.856335462542154
2.516615961250001,2.7363136,2.5634635546213724,2.600671863593872
4.369800118333335,3.6544626,4.774220829888905,4.356867809996596
2.685305073000002,2.3910189,1.960966209392252,2.0594319134972467
1.9981773350000007,1.2214911,1.4160854160940497,1.7370266841492235
4.190227802499993,3.173542,4.675929793912958,4.438540985432464
4.17689376405173,3.8159094,4.483208660316408,4.0364029612535814
3.726356205833345,3.3373923,3.604478933493426,3.867381538819298
3.310602730833332,3.0541215,3.584500795233006,3.451327983319985
3.05528457875,3.6560912,3.535944224777965,3.543718718058533
6.078896553333341,4.899801,5.42856863799176,4.587315918822644
4.147956572500003,2.5861633,3.436351528124022,2.7533054135047337
3.613919270833325,3.3121734,3.885640788155862,3.9457786608309893
0.38043594,0.28681272,-0.12933095857223542,0.8351518498430294
4.5267607633333045,2.5395572,3.6774804003952406,3.597176468004432
3.70397912333333,3.212326,3.743160176707513,3.6941006464161346
3.038166738333307,3.357453,3.793414926489647,2.72476015864509
6.048912540833324,3.7227407,4.652551269077535,4.25612125978342
1.6190905355555552,2.185482,1.5194575808272086,2.3661558919089134
2.985936183333333,2.0852363,2.8249130186221985,2.819861080900716
2.492623141551722,2.4043248,2.835133852166231,2.279243865092828
3.821463788333331,3.5997744,3.300726464886268,3.640867570237168
4.286054431904757,4.0331564,4.1097498033489055,4.192786580241917
4.636678618333325,4.013762,4.3829463638865755,4.124825419694436
4.028777480833331,3.6424916,4.267846053143175,4.2377687913599935
-0.353148595000002,0.46026254,0.7335576726469818,0.5078309395989609
0.7450748500000021,1.0172585,0.8967029708065447,1.1606831748232511
3.886266746551729,1.6139625,2.470190040515271,3.5167581341584255
-0.372019959999998,-0.26043063,-0.30681928093395705,0.5638365334380472
1.75839556750001,1.1816943,1.8114282056163242,2.375582891247589
3.229240609999999,3.2842329,2.035162284763392,3.1592476954047597
1.127592531551727,1.7363769,2.8934578020357913,4.123555271969645
4.045066633333332,3.0340986,3.4986650852263432,3.2644611020247303
2.190126183333338,1.9027174,2.7968686601152024,2.432226032968331
3.366735466666685,3.1377802,3.3377995675033327,3.1623451210893014
1.601440779999997,1.1342078,1.665658112148372,1.7454424983195764
1.03211353250001,0.33876768,0.39567232135334585,0.23354094096897154
3.900206260833333,2.9234526,3.655349063691646,3.923644236900616
4.541901675833334,3.8501635,3.909361442811183,3.2057971196540063
0.8441122049999921,0.22340442,0.6388694114091827,0.5912485396453655
0.306617033750002,0.5536801,0.9072207901761552,1.5083734350044116
4.069228861666677,1.3491226,2.125815298957492,3.162939504294156
1.9200084399999944,1.462079,1.6193131116870072,1.13118668335363
-0.825151394999998,0.16346806,-0.542071379485015,0.23196884298560455
3.39901344,2.480158,2.5019291982564384,2.58982228932419
0.5769008800000041,0.47255188,0.7438372948859432,0.9909554959791633
2.978685840000002,2.226924,1.7672613414113565,2.1775641923248155
-0.114470766666665,-0.0063772686,0.20245334833123435,0.04997594191617952
-0.436676853448275,0.79582846,1.8271469560273346,0.8844820325368813
-0.746291039999998,-0.7018597,-0.3704065184060773,-0.33824678924616813
1.730526834999996,2.0598063,2.5366670959022253,2.6308429936881517
0.344630174999996,0.7259782,0.8158203346159788,-0.1624556018191024
0.2147660125,0.88968873,0.694920202226652,1.1329845312505564
2.6595335349999982,2.5915692,2.8448186944231475,2.904059427969464
3.4234136666666792,3.1378605,3.335028092283907,3.163738037268075
1.091227075,-1.7888062,0.1691877298125245,-0.3305761681627122
-0.724087619999994,0.58754104,1.3385452992035392,0.2701610277002306
-0.130084179999999,0.797422,0.6784977502554889,0.8048525318659523
2.387015871551721,3.0535421,3.0483514473714886,3.0576591409652463
3.638080258333336,3.0880077,3.769945316500391,4.0656363467657775
2.458758089999993,1.8023143,1.788717258562131,2.2659539853984865
-1.533191400000002,-1.631208,-1.0470924229990421,-0.6201814714554831
4.06187906833333,3.6796012,3.964360898743082,3.944074926223335
2.589447803333333,2.5032585,3.4727474782183245,4.015047940661981
3.144184157999999,2.5979457,2.6913664463805107,1.9481249251169812
-0.321542494166659,-0.47140485,1.9848281260720535,2.209730077672966
-0.442155805000001,-0.39714366,0.29711286200816367,0.9047682923104854
1.709518763333333,1.4187313,1.677955104292832,1.8755086836596504
3.249328129999995,1.407035,2.3199950750621037,1.521816513338519
-0.7427124349999961,0.6929307,1.2630469996654918,0.6787681695584253
3.40329837083333,3.167276,3.518997914337228,3.5978862113391
1.015952616666667,-0.24617837,0.28238658927671584,0.24459325816099395
3.681587303333334,0.037036013,1.163038576870144,1.369089841147081
5.008353921551734,4.3576365,3.5093358048977814,3.5376331547774553
-0.6557586966666611,-0.19985001,-0.4760640963260264,0.15069422517073608
4.958050383749997,3.7123575,4.659607678984167,3.0765631108894267
3.519498403333334,2.8289018,3.671696452983121,3.6741426438912748
1.5251778825,2.5728586,1.9564258988101608,1.4915683879841553
-0.594437834999996,1.2360685,1.300473962915377,0.10192622360735014
2.866287295000004,2.2794828,2.521676401658177,2.807461386670029
3.655575148333331,3.8932056,3.8626561693736443,3.6134705149253468
0.7684932350000011,0.06280056,0.8681408528665039,0.19670208932793598
-0.041863877499999,-0.0288875,0.35552880850788415,0.1256174589132148
0.429073329999998,2.3228807,1.8565957376295197,1.5857492208546289
4.389878085833321,4.541588,4.97062878298101,4.564973057309518
3.456640123333334,2.8750772,4.400973915295965,4.385229714601694
3.620888520000012,3.5591462,3.2200774289178264,2.823453772807608
1.448669509999999,1.4348731,1.115411085048188,1.696107300579071
3.611493333333333,2.9377236,2.8653943809191853,3.372449875200528
1.471993732999998,2.0839417,1.5178339520254562,1.3868081733720103
1.322446755000005,1.5703465,1.312589680829654,0.4099279327635347
0.9329074437500012,1.4624801,1.7786114608762,1.6202415200569729
0.614312414999993,0.14980508,0.6993719493012457,0.8893785141677725
-1.807908383448275,-1.7575524,-1.6820484261588207,-1.0438278670836667
-0.493983396666666,-0.2979745,-1.0399857979507763,0.6024336219109054
2.462268273333337,3.1653872,3.260515121123974,3.2632320260075818
4.716005218333341,4.43392,3.9999262172163492,3.691386639845436
3.359480459999989,3.1378605,3.335028092283907,3.163738037268075
4.668649563333337,4.047251,2.7932932482024855,3.052219711034526
1.396432456666664,1.5250697,1.2946926907571212,1.432936483880198
3.441415546666666,3.4510376,3.553505244506348,3.9889277196022372
2.667492644999998,2.4021893,2.3173684991690147,2.9300577535657113
0.595345379999998,0.0045058243,0.5488075305227164,0.7377085824188762
0.015799645000003,2.7915387,1.6711825802245253,2.282890759867649
2.468614284999994,2.2932332,2.759101503337818,2.570846636900319
3.647356953333333,3.474072,3.309503800347053,3.298559614725209
-0.377535470000001,-0.6133305,0.24682197595186828,0.5407728921139278
1.7126599058333352,1.4247938,1.255520117230632,2.160485021144837
1.574718893333316,3.528761,4.142350353442098,3.1785549341987425
3.9530556283332894,3.4247186,3.5176083995462912,3.011415879918959
4.053939513333332,3.9741395,4.458768988773749,4.359254130923382
4.06640517,3.4480114,3.9169113206419803,2.952978631253165
4.879427273333339,4.0697985,4.469690221624256,4.322213742508641
3.269185533333332,3.3770509,2.733249955920912,3.010461844204091
1.5273116538888891,1.5860536,2.1332282292929614,1.9497769637145494
3.600855243333318,3.5139468,3.52014007913266,3.5817591438214573
3.211509198888887,3.2787788,3.2941415901396747,3.1767208001882192
4.577147888333333,3.8945403,3.805014155645723,3.3695627184267143
3.497991530833336,3.210083,3.2963636428607197,2.9107198956409155
1.849812583333336,3.6323638,4.735805759127147,4.342873947295441
-0.8778029849999971,-0.39048928,-0.5903997831881301,-0.396208271496392
3.417397566666669,2.892982,3.0973303235697083,3.0390920466383626
1.708667713333338,1.821955,1.7254233217406645,1.5067836911969186
4.122311360833334,3.4629264,4.0732174593745905,4.191788131493252
-1.119397194999993,-0.69686943,-0.9921080208988889,0.17417236825470103
2.652260705833332,3.0774188,3.0782135606926113,3.4506540304121223
2.029480664999998,2.3187273,2.1919041683450944,2.084036672605016
1.317633675000006,1.36608,1.3329128324836796,1.070293067318457
0.530628085000008,-0.078151986,0.23079938257751642,1.7659661206369526
5.37723310444445,3.2464328,3.561385597172415,3.8340467848228887
1.779459646666666,2.9884481,2.9499131946934165,2.8795214291323648
3.864610799051721,3.5064905,4.069216313341934,3.7879923459810096
3.668664995555554,4.172097,4.181724011364328,3.9511454497891307
0.6185239100000101,5.8164706,4.734083268825196,2.9352233346627563
2.329954934999993,3.1398883,3.143632564404201,2.2864789257861
4.185991686250001,2.8309484,3.412879354308431,2.939166930490788
0.588306798333328,0.32395914,0.5469589975785433,1.1090681480529785
3.323786742999999,3.1684742,2.7875412543055975,2.2006770266481834
3.925782073,3.432685,4.155997794443082,3.8118649657491455
1.982179073333328,1.5414363,1.6688627940244922,1.700908960251751
0.416772074999999,-0.82331455,0.12815864927060538,0.04185222838940486
3.390345429051724,2.979845,3.3607882760985257,3.6140364592511696
0.8951477050000041,0.40076706,0.41222973230589666,1.0085751355457735
5.565198173333332,4.7581663,5.181391946800319,4.482939639337091
3.023072698333336,2.9659572,3.1163148478975566,3.397139961799693
3.3940670424999992,3.588551,4.172067017880157,3.794186193525889
3.921831571388888,3.4785366,3.153955093946295,3.225099044695
1.14492838,-0.11926201,0.16439036686445163,1.067134273079516
3.871282515833333,3.4875417,3.4451331394116673,3.4457720917392045
3.453059493333332,2.5056672,2.8045360784156665,2.655054367843008
3.797607483333341,3.0130658,3.8311970509766065,3.9235243867958567
4.100766288333337,3.2893817,3.678162140292465,3.989549332384823
3.662172166666668,2.3410902,3.2180083463470366,2.899303195579695
3.076132053333329,2.934751,3.424261912612324,3.9862834036409307
0.8555944883333281,2.5847788,1.1134610123550184,1.5126809907026633
1.413359963333318,1.1548414,1.5141446695339278,1.7026982041791787
3.153068693333328,2.9658225,3.466752557831815,3.9155119408676247
-0.731831944999998,-0.559966,0.06192665697292232,-0.14289850874113066
2.818198328333331,2.7798023,2.972906256086966,3.0308697699317415
2.197894030000005,2.4582367,1.970677451216667,2.291885244869823
2.311871773333341,1.412128,1.833456589565011,2.9834998178552854
1.196037241666667,1.3117855,1.1462742478665309,1.660505406543561
3.788066720833328,3.835081,3.8510136978921503,3.412383960329602
1.781834669999999,1.6050744,1.7298892314388334,2.2233398816296717
3.286601863958329,3.1978302,3.8484629030378708,4.156686485762813
2.933016733333322,2.95814,3.0064000702642497,2.8563798194164236
3.640839159999998,4.676244,3.9298652881283482,3.778923786199914
2.277860873333343,4.0966115,2.46855258414032,3.5080369263200115
2.490982693333312,2.505666,2.5279970346011718,2.499932461188498
2.360165378333332,2.7696111,2.886195075166797,2.902686015126183
4.302216644999992,3.2445798,4.03325207025354,2.977610940695917
1.065669274999998,1.1839627,1.6263613785971822,1.9135127113227186
3.125972364999998,4.2719502,3.648482522693045,3.4407345767296627
1.48636664,-0.37134215,-0.1138255433033023,1.132932332767993
0.467464984999996,0.1833653,1.151677208660538,1.1076684857952903
3.893744978333334,3.3965716,3.935146022339155,4.146614844849692
2.43940232,2.4525914,2.798031161788516,3.2159912653390688
0.555461710000007,0.5460084,0.5914601260882798,0.3595058215255505
-1.381467269999997,-0.22842835,-0.13271644342434208,0.011835089856039782
3.3144571365517272,3.1103277,3.3698240445141545,3.6201293443707883
2.796908344999999,2.7125478,2.5939143874279873,1.2898359197159666
2.757125870833339,2.8819695,4.4285538744176955,4.077264580372864
3.636648303333321,2.7730646,2.6831831349592443,2.6706585626646997
2.852080401666665,2.2549806,2.310127634232196,2.7843214427345915
2.671426739583335,2.842955,3.2373405894541287,4.529607947421119
3.343617493333326,3.2163765,3.393848825352081,3.154575669517642
4.243743745555555,3.8669882,4.51083243969054,2.6207484049295737
1.289213635,1.6960325,2.43626197293083,1.7012364204777952
4.027106103333335,4.360943,4.1070133091671055,3.4244114648035437
-1.425709990000004,-1.4508822,-1.4237687809014856,-1.0846886851586286
2.578682458333337,2.6648107,3.1251992054897366,2.8419680966537757
3.71962168333333,1.4490464,1.0113629215359659,0.622855440073802
1.506274298333328,2.3172235,1.903490070359383,1.366761741863452
-0.58765603,-0.697659,-1.4959691692451242,-0.2131221167471018
0.8058420233333311,0.10578148,0.1134524322296081,0.6012542633478288
-0.327912715000006,-0.7164337,-0.4239492046265446,0.3737402124981813
-0.7404989149999981,1.8921484,1.498493256216336,1.5085245082922836
2.282388664583327,2.198196,2.122064208546825,2.178718231573369
3.292125393333326,2.750708,2.994197132291206,3.610904006589013
3.911643493333334,2.1620474,2.8780285908106586,2.5245732075781286
4.111951858333332,4.020073,4.040219587456428,3.889436191381912
4.066457303333327,1.9867842,2.7368778679955748,2.264811584855448
2.879478482999999,3.564333,3.0165958451683474,2.9330794664548097
4.745998995833338,3.254828,4.209278278148006,4.0277906221694115
3.703729512222222,3.4569306,4.569708996377309,3.0005061911078745
1.159833299999999,1.2972605,1.8937679862148622,1.3270641796832312
2.5653333725,2.7690372,2.7503400814134276,2.702528599967278
3.348008803333325,4.0236807,3.994860938958767,3.8242608617676543
3.201325305833334,2.826185,2.600296745976345,2.880296447471354
2.035137337499994,2.11941,2.368054272733972,1.779655234580852
3.597688579583331,3.4592967,3.4621249309909183,3.1406948911226595
3.76525303,3.3832116,3.266751067414142,3.198295455732376
3.494505699999995,3.172564,3.6222233717857018,3.9287946652305394
3.171232440000005,3.2201555,2.89902839953976,2.84726527726432
4.069050723333331,4.0873494,4.305962164181204,4.228540711156456
3.469875774885057,3.3909142,3.6943157932386237,3.830964777668366
3.8565676177777832,3.3911803,3.290058510170973,3.177100007425899
2.774527993888888,3.6969047,3.0907515808252137,2.600603122567929
-1.781574279999996,-1.7206128,-1.3430723097764306,-0.5193307317634877
2.80697246,3.5484376,3.2387230235964077,3.481608683861163
0.437959360000005,1.4842914,0.365002430575207,1.5268386667998468
1.520935600000005,1.6599226,0.38719813355661337,0.5757809890600987
-1.454614404999996,-0.8175886,-1.4355919678660314,-0.38904495180484844
1.469238773333335,3.5854874,3.7904343568245347,4.183210943059489
3.3513330775,2.6902547,3.109874409146223,4.09896312374069
1.657551414999997,2.02253,2.552307333043019,1.7303152820507022
2.545292454666666,2.7932749,3.2139745869020198,4.529494459849784
2.293484823333334,0.70610356,1.785331205829487,1.8255624115462752
1.709648025,1.0706893,2.149203432544895,2.499356097855969
3.129595030000004,2.3410902,3.2180083463470366,2.899303195579695
4.321956570499999,3.6176686,4.446774632048034,3.7704549634050895
1.679377684999996,2.9760547,2.245210602968613,2.382481840887428
3.875351341333332,3.6500936,3.211175879864059,3.0722745468123054
-0.142592071666666,-0.12344904,0.294978436106467,-0.04959842937883061
4.769492360833344,4.013762,4.3829463638865755,4.124825419694436
3.5104478055,2.3316374,1.259634578177371,0.8318788636974025
2.873106460833331,2.5025043,2.6247162295179303,2.6207513945927174
3.247110974999996,2.199851,2.80295931893155,2.6403895874749694
5.240962243333347,4.4051805,5.1360829522891445,4.573274221629665
0.609763135,-0.10012145,0.7073490785966791,0.804870913051715
3.851255043333369,3.3756566,3.446871095443691,3.133137925320802
0.5605642499999991,0.87402683,0.9173486520745556,0.8996355304244732
0.939867204999996,-1.1167138,0.23184419809361223,-0.35242951488895113
0.033024100999999,0.12594531,0.03240506810412069,0.005317259709405551
0.8558414950000011,0.8369065,0.8144312057956434,1.1197373459083568
3.916101730833337,1.7450444,2.4683101657842323,3.19024085993475
1.586212565000001,1.1245657,1.4221972011605297,0.8088673825748642
-0.04008736666667,1.885177,0.6068161924961898,0.036308313654966305
0.5948386049999971,0.4760273,0.9023760506520845,0.9542560044255906
3.163598613333339,2.560594,3.2424659905255675,3.7535174241699854
4.016838964885053,4.112062,3.796917517233198,3.6487345328944167
2.769210095833334,2.0690098,2.549375483877726,3.4849154301069096
2.645406594999994,2.5213346,2.3659541146535625,2.2461228357272343
3.264350992499996,3.9966602,3.1105522671288393,1.7887878802429247
2.254323320000002,1.1983318,1.8355485552227302,1.7915106226799287
0.8199458349999921,0.3561918,0.8235413379760396,0.8591077483315509
2.6169912262500032,2.6091423,2.664154332242007,2.801841622719507
3.6066464949999952,2.750422,3.2900817928725,3.4030869188635484
1.8179938675,2.0559964,2.0364786029111537,2.4872528497607345
3.545761497500005,2.496602,3.1686136256200266,3.231659524938472
3.751152751249999,3.01434,3.9451453817845996,3.591013368391913
0.43576784,0.51210415,0.46632716417726605,0.20084749046529085
4.420395581249994,2.7278326,3.277418873584666,2.988576268907673
-1.711256299999997,-1.6441927,-1.6404112054061555,-1.1536218455101088
-0.9794302016666612,2.9371958,3.6335904569554893,3.767681641636795
6.246201878333342,1.1865236,0.7237840051293468,3.7065463862785477
2.038119293333328,2.3036337,2.1539539705381126,3.0339425504751127
4.058584699885058,3.7176208,4.166787922174195,3.794786912649227
4.488490435833332,3.577948,4.748804468274323,4.448599538587856
0.064778589999993,0.12678547,-0.04269811266067258,0.1181210444244653
3.985719340833332,4.0166335,3.5730573032926864,3.5247475461973736
0.059879354999997,0.14724027,0.24188818026140602,0.3824159434660804
3.272292910833333,3.4953337,3.4215174859627107,3.270524480119374
-0.072819314999999,-0.28887272,0.03088585486473938,0.4416139546047828
3.45681235166666,2.369729,3.0085223138873767,3.6324385561903845
4.240917493333318,4.366379,4.394296072007557,4.197149033802539
-0.105115515,-0.50276077,0.15083138530280427,0.04680278321147715
2.4669594399999992,2.4233775,0.5521884381869019,1.2359167264028545
5.438288473333335,4.441616,5.120056247058749,4.511967254999379
2.356136071551724,2.0417504,2.077903425258179,2.1481691403463246
1.412346184999994,2.8085787,2.6964278433780686,2.69162645980702
2.834635107499999,3.3812914,2.532786519794734,2.4116250107136294
1.566596734999994,1.9455009,2.142467774266451,2.174388942391611
3.340922408333338,2.817657,3.3414195019086756,3.2256629026081747
3.638246673333308,3.5461893,3.45833486143522,3.1212589444013243
3.606958900000004,3.2556229,3.6393013556400655,3.028608680798931
1.451843393333331,1.6164043,1.73430726231099,1.44772855370799
4.586395388333334,3.125229,3.937599794652173,3.7487373975282896
3.379347290000001,3.3771265,3.060701671062888,3.6868888575761645
2.752556055000004,2.8219051,3.018676753971861,2.2789352701571697
1.026481584999999,1.1360781,1.2654577904607942,2.0972731949248358
-1.582062255000001,1.2339525,1.9937836843951429,1.0666696506725788
3.244866485833331,3.5499904,3.0252262825111638,2.9112151358387797
3.830800208333333,3.4485674,3.9833145215504766,3.764252629601168
2.358407415000004,2.4273338,2.363360934624237,1.9916946304614396
3.798029073333329,3.1521072,4.040027185005791,3.8048116380202095
3.100710723333326,2.3856747,3.4035411907269344,3.75503402620183
3.440588923333327,2.9017553,3.418508047884125,3.8955098158145582
0.376791999999999,-0.5043619,0.15116926617928295,0.04680362138107004
0.64112883333333,2.1875181,0.6969943506377313,2.6453566131263204
3.324190938333321,3.0710263,3.669295580412112,3.801518035271321
-0.373049644999997,0.6551709,0.6164107726467954,0.5849729199620992
-1.30250716,-0.8154073,-0.6697896137997211,0.7168352446006129
3.922914823333333,3.7777839,2.763876310434136,2.1086468854389557
3.123069173333325,3.3841224,3.447638305136061,3.1325392788173114
2.863967294999997,2.5284152,2.8321871081881307,2.6231357853653683
2.399042253333339,0.8263991,1.6244016133779136,1.3808165048276024
3.526058554051719,2.8198943,3.162030035043636,3.637117302190549
3.9242272520833312,3.1711683,3.2909110349661015,3.175428743905015
2.601215197499999,2.3615668,3.103895101399794,1.4454068923948367
4.112834931551735,3.5118299,4.073969081734234,3.7907055708403585
1.3418850324999991,0.90561247,1.619111422159187,1.7124887638159585
3.094365248333337,3.144119,2.9514059910809047,3.3304227032496776
2.4539815375,2.1536148,1.9373259892500352,1.6668624865118875
1.797958374999997,2.085822,1.8210074455570053,2.1463639196806628
1.122837272499997,0.69683003,1.0383136552122076,0.9340971230048034
2.71444588875,2.9798694,2.8705849934219723,1.8130408322372518
3.737852040833336,3.1592565,3.56453860653403,3.6734034808334544
3.724501480833344,3.1838338,3.076008364252833,2.137161052900061
2.307199141666662,3.6398106,3.7897712441316296,4.180355509161757
1.5374763665517222,1.4730349,1.4012800208986151,1.384115646726246
2.310801113333331,2.7993495,3.8364661302534637,4.095426239982545
0.509334084999996,0.42116597,0.7154806613367207,0.8674259988385508
-0.765255379999994,2.1602068,0.8353481886577477,2.607699033548807
-0.13015551625,0.29728734,-0.33140802130099367,0.14167095675946165
0.6180516499999991,0.7178911,0.08835792678784748,0.6511248602237224
-0.5467622750000011,-0.30314142,-0.11760405273907637,0.2519076089231723
0.8706872400000021,0.8164378,0.7676210118954082,0.2679940851610143
4.567539719051727,4.282825,4.3817252000244284,3.357247448455916
3.833054432499994,3.6004,4.208577827631218,4.2021480664646065
1.005782430000001,-0.10071714,-0.9083574845874117,-0.008300412434667795
1.524724563333334,1.551807,1.6826048728918446,1.5785269963744575
7.505594701551718,3.8360553,3.7027495673709874,3.1503115943514524
4.040148288333333,3.980071,4.054233721249802,3.8427008130841664
0.469601545,0.28381914,0.44221486826328593,1.0941343104604644
4.390628742499994,4.1660104,3.483973683800053,2.1936762685061977
-2.402671820000001,0.6548039,0.2737017481935443,0.5759615881978151
4.821789003333326,4.1404333,4.634938339186065,4.403983774403398
3.774462743333326,3.4813643,3.7446768826508157,3.7039470593102974
3.548118865333326,3.3609421,3.265474153695018,2.8825697533134025
3.373610086666659,3.556584,3.1936025818556013,2.866741983450398
2.035936613333338,2.9678686,3.3285785041172824,2.888523653686277
3.526427633055554,3.2061439,3.371552255716879,3.711935913899003
-1.11155039,-1.3093805,-0.5060676520575661,0.3103270303464934
-0.420489079999991,0.24698587,0.6407406388633498,1.0690070039732067
4.06632266583333,2.7441797,3.8471994338124498,3.1664293108628163
3.3897662183333392,3.203936,3.45799381573842,2.828045471285861
