Material_ID,Working_Ion,Crystal_Lattice,Space_Group,Ion_Concentration,Mean_Atomic_Number,Mean_Atomic_Mass,Mean_Electronegativity,Mean_Atomic_Radius_pm,Mean_Melting_Point_K,Density_g_cm3,Formation_Energy_eV_atom,Band_Gap_eV,Voltage_V
MAT_0001,Li,Orthorhombic,151,0.967,43.167,40.386,3.044,109.621,1674.61,7.357,-1.9881,2.852,3.53
MAT_0002,Zn,Triclinic,154,0.754,17.628,92.911,1.921,181.383,698.13,5.484,-3.8827,4.532,1.938
MAT_0003,Mg,Tetragonal,196,0.374,11.465,116.609,2.585,186.539,1951.47,6.819,-2.3529,3.92,2.692
MAT_0004,Na,Monoclinic,210,0.846,14.091,15.405,2.078,76.08,1827.52,7.41,-1.3157,3.113,3.317
MAT_0005,Li,Cubic,55,0.353,5.11,74.757,3.001,112.314,2229.7,4.79,0.554,1.575,3.614
MAT_0006,Li,Monoclinic,6,0.885,44.531,99.61,1.408,113.47,2831.8,4.599,0.2328,2.709,2.942
MAT_0007,Li,Triclinic,163,0.201,45.282,42.801,0.881,75.74,2763.09,9.201,-3.3625,0.456,2.525
MAT_0008,Ca,Triclinic,150,0.733,33.321,50.01,1.63,185.737,2854.4,10.648,-3.5348,3.395,1.882
MAT_0009,K,Cubic,171,0.587,13.875,89.773,2.17,170.229,960.73,3.522,-1.0537,3.625,2.545
MAT_0010,K,Hexagonal,143,0.187,9.595,126.732,1.221,82.365,655.23,2.525,-1.3394,4.825,2.712
MAT_0011,Li,Cubic,86,0.318,6.052,115.29,1.8,112.343,1116.15,10.927,-2.6681,1.302,3.113
MAT_0012,Al,Orthorhombic,60,0.111,14.116,85.807,1.94,67.987,2716.73,5.174,0.4973,0.092,3.156
MAT_0013,Ca,Tetragonal,101,0.522,53.997,104.929,0.878,156.795,2924.54,7.289,0.6368,2.728,2.569
MAT_0014,Li,Hexagonal,12,0.371,18.285,57.427,2.508,70.633,2620.18,5.275,-1.9869,3.534,3.493
MAT_0015,Li,Cubic,49,0.639,24.485,93.326,3.441,217.609,597.05,2.821,0.4515,3.952,3.442
MAT_0016,Li,Monoclinic,42,0.368,10.794,70.604,1.17,182.716,2858.06,7.688,-2.0803,0.969,2.249
MAT_0017,Li,Hexagonal,166,0.37,17.23,34.692,2.553,116.341,1443.07,7.014,-0.3159,1.309,3.306
MAT_0018,Na,Hexagonal,82,0.769,33.557,101.226,2.761,148.356,325.14,3.631,-1.6203,2.563,3.228
MAT_0019,Li,Cubic,173,0.143,38.426,82.34,2.0,204.928,1494.46,6.245,-3.3871,1.653,3.002
MAT_0020,Li,Hexagonal,35,0.913,18.494,56.621,2.873,144.197,424.39,9.868,0.6397,4.303,3.994
MAT_0021,K,Monoclinic,158,0.867,8.175,128.474,1.973,79.665,1768.47,7.699,-1.7295,2.369,2.633
MAT_0022,Li,Triclinic,216,0.701,26.507,12.721,2.264,114.38,1214.1,2.518,-0.3276,3.998,3.437
MAT_0023,Li,Hexagonal,158,0.634,17.881,51.051,0.723,193.335,1578.27,7.254,-2.1641,2.903,2.062
MAT_0024,Li,Triclinic,206,0.903,17.075,17.395,2.844,159.516,1955.56,8.879,-3.9056,3.865,2.774
MAT_0025,Na,Monoclinic,134,0.267,57.792,109.649,2.75,160.623,2645.76,9.823,-3.4973,1.663,2.583
MAT_0026,Mg,Cubic,67,0.171,38.897,101.274,0.819,197.36,2087.13,8.106,-1.5189,4.157,2.151
MAT_0027,Li,Tetragonal,80,0.316,35.628,53.076,1.842,201.975,1471.93,3.103,-0.5502,1.373,2.439
MAT_0028,Na,Hexagonal,7,0.815,27.868,97.836,3.735,206.365,2512.46,8.957,-2.3263,2.73,3.218
MAT_0029,Na,Tetragonal,180,0.131,28.592,61.472,2.004,66.124,2745.07,8.612,-0.5226,1.07,2.991
MAT_0030,Li,Monoclinic,14,0.625,34.75,108.313,2.256,142.501,623.35,1.756,-0.5068,2.378,3.383
MAT_0031,K,Hexagonal,73,0.996,43.304,69.044,3.521,175.887,1736.22,5.823,-0.4803,1.591,3.068
MAT_0032,Li,Triclinic,143,0.87,43.618,63.596,2.924,178.678,1068.18,4.996,-1.5374,1.334,2.827
MAT_0033,Li,Orthorhombic,149,0.569,14.443,131.515,2.504,153.142,427.07,8.529,0.5744,4.835,3.555
MAT_0034,Zn,Tetragonal,163,0.157,32.506,42.614,3.173,78.354,2105.08,3.769,-1.554,0.8,3.622
MAT_0035,Al,Hexagonal,66,0.848,27.658,25.658,3.38,185.561,2629.48,7.704,-1.7487,3.937,3.504
MAT_0036,Mg,Tetragonal,91,0.639,52.879,85.991,2.116,172.419,739.84,11.089,-3.0031,4.921,2.705
MAT_0037,Li,Hexagonal,130,0.203,39.728,136.012,2.173,64.643,2493.52,9.877,-2.4617,0.1,3.191
MAT_0038,Li,Cubic,163,0.184,34.288,59.119,1.897,128.848,2604.17,11.175,-3.7883,3.495,2.825
MAT_0039,K,Triclinic,210,0.919,11.347,18.065,3.697,79.576,2768.72,11.774,-0.8323,1.265,3.606
MAT_0040,Li,Tetragonal,206,0.702,38.31,54.11,2.861,107.371,1016.27,1.612,-2.7573,0.202,3.193
MAT_0041,Li,Orthorhombic,20,0.846,11.446,75.771,0.958,53.074,2740.67,8.039,-2.4792,2.014,2.629
MAT_0042,Na,Orthorhombic,210,0.891,23.546,31.05,3.375,118.056,1165.79,5.835,-0.1459,4.676,3.571
MAT_0043,Li,Monoclinic,10,0.615,12.856,95.553,2.19,143.479,1791.31,10.528,-2.3639,0.059,2.937
MAT_0044,Zn,Hexagonal,25,0.566,43.064,139.707,0.913,155.329,436.37,4.144,-2.789,2.939,1.91
MAT_0045,Li,Tetragonal,194,0.487,16.344,68.726,2.404,162.793,418.48,11.801,-3.1547,2.507,3.118
MAT_0046,K,Monoclinic,25,0.385,26.552,56.115,1.993,192.17,2245.01,7.944,-0.1257,4.367,2.343
MAT_0047,Li,Tetragonal,54,0.491,54.262,62.092,3.421,86.629,1500.1,9.832,-3.3515,0.42,3.548
MAT_0048,Na,Hexagonal,33,0.796,16.237,24.969,1.332,70.482,991.99,2.399,-1.7312,3.408,2.952
MAT_0049,Na,Orthorhombic,164,0.642,32.929,124.826,3.262,194.761,814.12,3.426,-1.4653,3.401,3.043
MAT_0050,Li,Cubic,95,0.903,28.06,63.927,2.429,76.624,2108.87,9.463,-0.5631,3.345,3.509
MAT_0051,Al,Orthorhombic,14,0.499,5.997,60.346,0.869,215.709,301.08,1.731,-0.8336,4.712,2.233
MAT_0052,Mg,Monoclinic,65,0.646,48.602,95.76,3.713,193.231,2475.91,10.077,0.0536,4.115,3.426
MAT_0053,Zn,Triclinic,110,0.668,8.798,67.464,2.289,135.149,513.97,1.646,-3.7762,0.21,2.254
MAT_0054,Ca,Cubic,80,0.633,31.084,94.27,1.602,216.842,817.02,8.4,-2.5178,2.355,1.897
MAT_0055,Na,Monoclinic,54,0.732,35.837,17.988,2.155,66.554,1342.84,5.333,-2.5993,1.99,3.078
MAT_0056,Zn,Hexagonal,125,0.314,39.563,115.784,3.359,101.521,1609.12,7.921,-3.2699,1.551,3.456
MAT_0057,Li,Cubic,180,0.561,42.875,132.266,1.645,158.498,1258.49,8.808,-2.5541,2.257,2.47
MAT_0058,Li,Monoclinic,131,0.194,18.93,94.34,1.297,109.501,1165.92,5.096,-2.4512,1.921,2.682
MAT_0059,Li,Hexagonal,227,0.446,5.549,134.094,1.1,207.823,2902.57,2.634,-1.3906,2.162,2.265
MAT_0060,Li,Orthorhombic,169,0.539,44.789,29.686,1.623,61.156,2032.27,2.231,-0.6815,4.896,2.993
MAT_0061,Li,Triclinic,134,0.687,34.461,72.064,3.118,143.4,363.27,7.684,-2.0945,0.443,3.322
MAT_0062,Li,Hexagonal,25,0.955,50.986,88.235,2.162,150.447,1461.47,6.967,-0.4026,4.611,3.634
MAT_0063,Ca,Tetragonal,141,0.641,50.176,85.626,1.405,160.964,2662.52,9.293,-2.3192,2.401,2.284
MAT_0064,Li,Hexagonal,117,0.769,51.383,62.19,1.215,93.463,1113.93,6.852,-2.5486,3.119,2.482
MAT_0065,Li,Hexagonal,226,0.556,31.68,53.951,1.731,111.976,555.3,5.936,-1.2941,4.151,3.141
MAT_0066,Na,Triclinic,136,0.671,23.35,26.487,3.614,193.426,2347.64,5.68,-3.8814,1.802,2.745
MAT_0067,Li,Tetragonal,149,0.164,48.536,60.927,1.763,83.14,1936.24,1.778,-3.6011,2.152,2.824
MAT_0068,Mg,Monoclinic,226,0.329,29.821,31.146,3.763,190.568,1839.84,5.023,-1.9102,2.048,3.137
MAT_0069,Li,Monoclinic,196,0.426,15.089,105.468,2.204,145.651,444.66,11.748,0.7146,1.874,3.125
MAT_0070,Al,Hexagonal,25,0.525,52.024,37.148,1.255,179.572,679.35,10.672,-0.3924,4.628,2.375
MAT_0071,Mg,Tetragonal,79,0.141,53.541,17.613,3.463,171.313,1980.88,4.958,-3.5594,4.145,3.172
MAT_0072,Li,Tetragonal,68,0.226,30.647,81.808,2.127,85.277,861.12,7.672,0.2316,0.545,3.079
MAT_0073,Li,Triclinic,173,0.349,9.163,87.38,2.9,146.698,1660.99,10.397,-0.3385,0.541,3.35
MAT_0074,Mg,Orthorhombic,188,0.974,26.33,123.349,3.75,197.513,1771.18,6.133,-0.9453,2.139,3.441
MAT_0075,K,Monoclinic,12,0.398,49.195,85.008,0.856,123.46,1065.47,1.689,0.1015,0.493,1.535
MAT_0076,Mg,Triclinic,32,0.534,54.598,54.913,1.0,214.32,2860.75,2.282,-1.9795,3.095,2.084
MAT_0077,Mg,Cubic,128,0.276,16.191,114.392,2.933,126.877,2574.65,6.859,-2.8925,0.718,3.198
MAT_0078,Li,Monoclinic,96,0.65,8.684,80.236,1.574,74.274,2250.41,11.679,-1.4399,2.612,3.212
MAT_0079,Li,Triclinic,92,0.353,53.254,20.306,1.271,116.204,510.58,8.779,-1.2558,0.036,2.16
MAT_0080,Li,Monoclinic,141,0.286,26.417,83.561,0.822,211.789,586.55,2.245,-1.3084,1.583,1.918
MAT_0081,Ca,Orthorhombic,31,0.565,34.797,128.042,0.768,104.353,1630.51,3.488,-1.1746,3.386,2.408
MAT_0082,K,Cubic,78,0.105,58.244,61.521,3.101,197.577,733.93,9.599,0.7435,2.42,3.128
MAT_0083,Li,Orthorhombic,20,0.107,8.661,48.522,1.117,199.813,2941.32,10.335,0.5112,4.891,2.407
MAT_0084,Li,Cubic,146,0.297,40.657,28.651,2.15,109.532,728.0,7.986,0.3786,4.371,3.507
MAT_0085,Li,Hexagonal,221,0.133,9.076,29.688,2.578,64.154,1616.16,8.266,0.0071,1.795,3.666
MAT_0086,Li,Triclinic,60,0.197,25.651,66.26,2.028,173.175,1283.13,1.798,0.7171,0.227,2.545
MAT_0087,Mg,Cubic,191,0.405,49.21,87.438,0.784,102.957,2026.34,10.2,-3.5075,4.228,2.144
MAT_0088,K,Orthorhombic,134,0.822,28.841,20.48,3.129,183.097,648.4,9.777,-2.6744,4.556,2.95
MAT_0089,Ca,Monoclinic,160,0.615,59.845,132.144,0.733,125.251,1461.85,4.22,-1.5247,4.103,1.792
MAT_0090,Na,Cubic,93,0.561,35.748,108.167,3.062,132.495,1041.7,8.941,0.2327,0.64,3.505
MAT_0091,Li,Triclinic,43,0.364,22.664,86.261,3.469,182.245,2696.93,3.756,-1.4742,4.99,3.435
MAT_0092,K,Cubic,130,0.939,17.106,117.697,2.042,115.002,409.58,1.923,-0.2598,1.293,2.746
MAT_0093,Mg,Tetragonal,60,0.457,24.279,20.424,2.36,125.332,2767.06,3.612,-3.3052,3.621,2.565
MAT_0094,Na,Monoclinic,151,0.178,25.489,71.989,2.179,113.952,2549.08,3.376,-2.7379,4.54,2.417
MAT_0095,Mg,Triclinic,211,0.655,8.779,91.912,1.907,112.448,1103.44,5.046,-0.3411,1.178,2.833
MAT_0096,Na,Triclinic,31,0.202,25.327,117.725,3.451,139.411,2431.08,5.894,-3.1763,4.541,2.864
MAT_0097,Na,Hexagonal,5,0.411,30.533,111.851,3.471,187.496,384.28,6.84,-2.2432,1.547,3.112
MAT_0098,Li,Orthorhombic,211,0.557,44.751,46.019,1.741,111.501,2910.54,6.506,-2.6757,4.882,3.12
MAT_0099,Li,Hexagonal,162,0.887,41.12,132.314,2.607,139.123,1721.81,4.342,-2.2507,1.406,3.211
MAT_0100,Li,Triclinic,10,0.544,43.982,26.165,3.573,164.024,1118.86,1.806,-0.4584,4.767,3.579
MAT_0101,Li,Monoclinic,89,0.732,5.46,123.767,3.682,95.805,1278.97,7.854,-2.1608,0.268,3.627
MAT_0102,K,Cubic,130,0.994,16.972,136.222,2.278,97.179,479.29,5.655,-1.2237,3.546,3.108
MAT_0103,Li,Cubic,126,0.218,41.393,33.03,2.104,208.68,2971.24,4.636,-3.5003,2.661,2.722
MAT_0104,Na,Monoclinic,11,0.347,31.619,103.869,1.564,173.001,406.09,10.603,0.0251,2.389,2.54
MAT_0105,Zn,Triclinic,178,0.455,5.292,15.237,3.673,148.122,2068.25,9.341,-2.1506,1.117,3.247
MAT_0106,Li,Cubic,159,0.48,49.247,62.705,1.143,160.112,1495.39,10.507,-0.7573,3.528,2.669
MAT_0107,Li,Cubic,56,0.47,47.505,77.117,2.497,54.981,2862.07,6.697,-0.3731,0.954,3.882
MAT_0108,Mg,Cubic,207,0.917,35.163,85.484,1.576,155.078,964.2,2.875,-2.9517,2.764,2.577
MAT_0109,Li,Orthorhombic,201,0.743,8.655,131.672,1.565,136.617,1736.63,8.81,0.4234,1.266,3.33
MAT_0110,Li,Orthorhombic,215,0.647,47.158,97.393,1.955,142.777,1602.36,3.664,-0.9189,4.778,3.068
MAT_0111,Li,Tetragonal,83,0.378,37.104,72.566,3.796,111.102,2197.74,6.133,-1.8564,0.143,3.485
MAT_0112,Li,Hexagonal,137,0.841,48.008,115.258,0.87,63.851,483.63,2.183,-3.0883,0.999,2.542
MAT_0113,Zn,Monoclinic,99,0.96,46.346,133.569,2.493,82.868,823.23,10.166,0.7115,1.212,3.288
MAT_0114,Mg,Monoclinic,149,0.839,49.165,12.869,0.956,211.627,879.33,2.822,-0.2247,2.07,2.475
MAT_0115,K,Monoclinic,73,0.101,33.49,137.728,1.179,119.479,2293.01,10.983,-2.9599,1.164,2.023
MAT_0116,Ca,Tetragonal,156,0.673,12.718,21.197,2.063,129.336,810.67,10.574,-2.3114,2.457,2.496
MAT_0117,Mg,Orthorhombic,190,0.146,41.914,115.87,2.282,58.961,1848.43,6.378,0.0484,4.362,3.735
MAT_0118,Li,Triclinic,115,0.332,39.126,46.444,1.502,56.386,881.16,9.316,-0.5216,3.56,3.048
MAT_0119,Ca,Triclinic,7,0.154,45.824,27.183,1.681,171.921,2626.39,8.004,-0.1711,2.9,2.692
MAT_0120,Na,Tetragonal,80,0.643,14.343,67.181,0.97,141.476,2843.9,9.932,-1.794,0.445,2.06
MAT_0121,Mg,Triclinic,144,0.718,15.724,93.714,1.64,136.48,1699.93,6.034,-0.4176,3.47,2.477
MAT_0122,Ca,Monoclinic,97,0.203,53.973,59.524,3.696,91.331,1251.23,9.751,-2.0675,0.832,3.357
MAT_0123,Li,Hexagonal,4,0.445,46.249,17.094,3.629,176.608,931.96,6.356,-2.9437,3.932,3.467
MAT_0124,Li,Cubic,4,0.511,54.953,87.93,1.738,78.6,434.41,11.38,-0.8366,1.25,2.904
MAT_0125,Li,Orthorhombic,103,0.432,46.729,127.312,2.47,82.289,1024.95,6.607,0.8801,2.085,3.841
MAT_0126,Li,Orthorhombic,40,0.209,37.844,59.818,3.52,128.321,2066.44,6.358,-2.447,1.752,3.853
MAT_0127,Mg,Tetragonal,17,0.477,40.977,38.123,0.719,98.668,1740.77,9.743,-1.6952,4.294,2.24
MAT_0128,Ca,Orthorhombic,101,0.776,53.902,67.535,3.213,92.069,2848.91,10.127,-0.63,0.633,3.708
MAT_0129,Li,Monoclinic,103,0.164,36.834,16.287,3.64,159.69,1369.95,7.322,-1.2925,2.828,3.433
MAT_0130,Na,Triclinic,124,0.172,39.782,116.663,0.983,160.665,2173.43,3.388,0.2171,0.71,2.156
MAT_0131,Li,Monoclinic,52,0.419,13.606,117.424,1.2,190.168,1621.17,6.411,-0.1913,3.524,2.472
MAT_0132,Li,Tetragonal,221,0.948,31.066,86.44,3.678,121.01,1683.96,11.665,-3.7085,4.525,3.583
MAT_0133,Li,Monoclinic,52,0.702,44.402,55.903,2.366,62.424,1022.99,9.406,0.9921,2.173,3.741
MAT_0134,Li,Triclinic,164,0.711,19.902,113.972,0.744,96.523,1528.37,10.017,-0.238,2.44,2.416
MAT_0135,Zn,Hexagonal,124,0.426,16.124,82.109,1.499,216.601,1571.12,1.845,0.3195,4.637,2.852
MAT_0136,Li,Tetragonal,166,0.634,22.26,117.371,2.095,151.364,2207.93,6.413,-0.744,2.605,3.118
MAT_0137,Na,Hexagonal,178,0.109,18.283,92.09,2.848,170.655,2839.73,8.29,0.2814,2.438,3.415
MAT_0138,K,Cubic,63,0.672,16.82,111.973,2.973,51.251,1189.17,10.215,-3.4381,2.892,2.97
MAT_0139,Li,Hexagonal,229,0.922,28.367,87.813,3.786,138.095,413.94,2.017,-2.2613,3.446,3.656
MAT_0140,Al,Cubic,116,0.651,54.931,63.838,1.591,56.38,1640.0,10.451,0.3821,0.534,3.367
MAT_0141,Al,Cubic,191,0.886,32.888,134.533,2.368,146.769,1770.05,7.258,-2.9917,4.106,2.655
MAT_0142,Li,Hexagonal,62,0.752,15.336,80.345,2.353,206.531,754.79,3.572,-3.6088,2.178,2.752
MAT_0143,Na,Tetragonal,227,0.209,9.233,88.662,1.958,214.631,2353.25,4.831,-0.0594,0.362,2.626
MAT_0144,Li,Triclinic,7,0.912,43.289,38.663,1.224,141.894,2959.31,4.46,0.1774,3.931,2.723
MAT_0145,Li,Monoclinic,155,0.16,26.054,91.335,3.73,127.895,2853.59,7.074,-3.1867,1.885,3.664
MAT_0146,Li,Monoclinic,92,0.581,50.201,84.309,3.345,210.653,832.19,2.043,0.2717,0.502,3.308
MAT_0147,K,Triclinic,214,0.228,41.273,34.029,2.245,164.514,2663.48,3.165,-0.5662,3.169,2.268
MAT_0148,Na,Cubic,14,0.111,48.793,17.746,2.57,61.033,2202.13,10.033,-1.3996,4.401,3.403
MAT_0149,Li,Cubic,199,0.48,19.957,88.567,1.405,129.173,1525.39,2.892,0.1513,4.439,3.041
MAT_0150,Li,Tetragonal,229,0.366,43.08,109.28,2.386,90.842,1759.65,3.951,-1.9038,4.788,3.789
MAT_0151,Zn,Orthorhombic,86,0.537,19.523,78.042,2.854,129.867,2593.92,6.26,-3.03,4.339,2.954
MAT_0152,Li,Hexagonal,133,0.619,56.649,39.48,2.297,127.429,1596.36,6.93,-2.5757,0.011,3.019
MAT_0153,Li,Cubic,183,0.139,40.001,96.648,3.77,148.965,1307.66,9.518,-1.4742,1.901,3.56
MAT_0154,Na,Monoclinic,130,0.211,22.848,20.414,2.595,110.651,1631.77,6.197,-1.3433,4.093,3.028
MAT_0155,Al,Tetragonal,62,0.603,19.823,67.438,1.85,77.926,1863.65,9.794,0.0279,1.831,3.094
MAT_0156,Li,Hexagonal,219,0.409,15.501,31.238,3.094,135.632,810.51,7.993,-0.0432,3.008,3.611
MAT_0157,K,Tetragonal,149,0.756,43.205,33.98,1.228,191.134,2732.45,2.688,-1.0932,3.032,2.093
MAT_0158,Mg,Hexagonal,230,0.687,17.029,36.298,1.892,162.882,2120.3,3.141,-0.0961,1.825,2.96
MAT_0159,Li,Hexagonal,79,0.861,37.742,60.272,1.776,107.523,2009.83,6.089,-3.0411,4.522,3.251
MAT_0160,Mg,Triclinic,149,0.723,19.555,16.65,2.039,209.039,568.64,5.667,-3.7497,2.516,2.098
MAT_0161,Li,Cubic,138,0.487,41.408,61.713,3.124,205.075,1931.27,9.307,0.3682,2.324,3.773
MAT_0162,K,Tetragonal,215,0.706,49.822,76.522,2.201,85.589,626.59,7.598,-3.6222,4.988,2.669
MAT_0163,K,Tetragonal,58,0.348,47.791,72.828,3.161,56.701,512.48,5.575,-2.7666,2.468,3.394
MAT_0164,Na,Triclinic,120,0.376,46.847,59.762,2.487,176.022,1723.74,3.293,-0.5234,0.892,2.73
MAT_0165,Li,Monoclinic,167,0.81,15.325,119.089,1.76,190.694,1387.52,3.882,-1.9528,2.565,2.396
MAT_0166,Ca,Monoclinic,133,0.502,9.861,28.892,3.211,214.537,1889.79,7.543,0.3816,4.07,3.047
MAT_0167,Li,Cubic,65,0.819,43.442,75.741,1.439,201.272,540.9,5.946,-2.5101,3.884,2.174
MAT_0168,Li,Cubic,13,0.84,25.259,18.065,1.396,152.091,1463.65,6.907,-3.9406,3.943,2.412
MAT_0169,Li,Orthorhombic,213,0.872,28.779,19.25,2.264,140.109,771.92,3.292,-2.4967,3.54,3.116
MAT_0170,Na,Triclinic,218,0.925,6.713,84.603,1.509,54.733,2965.17,8.461,-1.1096,1.271,2.747
MAT_0171,K,Monoclinic,213,0.488,19.277,83.582,0.728,91.932,1815.11,10.452,-2.1203,4.31,2.263
MAT_0172,Li,Hexagonal,181,0.387,6.852,124.144,2.71,128.135,2156.08,4.208,-1.3256,4.467,3.486
MAT_0173,Na,Tetragonal,82,0.624,53.355,82.524,2.284,156.846,1178.63,6.661,0.383,0.971,2.585
MAT_0174,Li,Cubic,229,0.434,18.387,134.773,2.081,144.733,555.8,11.743,0.5624,0.652,3.817
MAT_0175,K,Tetragonal,173,0.641,35.654,16.33,3.698,176.248,2934.85,4.999,-2.6701,4.878,2.912
MAT_0176,Li,Tetragonal,160,0.735,7.144,22.741,2.471,97.56,1072.9,7.748,-1.6893,4.342,3.532
MAT_0177,K,Orthorhombic,164,0.72,41.677,15.729,3.377,146.042,1444.28,2.447,-1.2543,4.466,3.006
MAT_0178,Li,Monoclinic,209,0.437,22.767,34.086,1.132,64.984,2054.63,7.863,0.7456,4.432,3.151
MAT_0179,Zn,Cubic,227,0.25,54.386,80.365,2.465,120.323,366.68,2.441,0.9931,2.708,3.205
MAT_0180,Li,Tetragonal,188,0.487,53.847,93.924,3.391,177.527,2487.7,11.572,-2.823,3.232,2.755
MAT_0181,Li,Cubic,139,0.228,22.891,15.926,2.508,167.878,1748.76,9.014,-0.3651,2.727,3.162
MAT_0182,Li,Hexagonal,191,0.901,54.553,132.976,2.926,218.409,1051.19,9.776,-2.1098,0.256,3.061
MAT_0183,Zn,Orthorhombic,149,0.411,59.789,119.481,1.853,97.241,466.34,8.893,-3.9595,3.728,2.625
MAT_0184,Ca,Hexagonal,52,0.239,50.398,48.56,0.987,134.692,738.75,7.692,-3.9537,2.527,2.07
MAT_0185,Li,Cubic,183,0.123,51.468,20.034,2.119,106.02,2716.59,6.224,-1.6972,3.239,3.084
MAT_0186,K,Cubic,117,0.681,18.695,32.085,1.923,124.903,2152.27,10.513,-1.5583,2.513,2.571
MAT_0187,Mg,Monoclinic,26,0.673,36.719,26.503,3.388,195.682,974.73,11.547,-3.8872,2.459,2.934
MAT_0188,Na,Tetragonal,196,0.407,8.699,26.027,1.456,166.316,477.12,6.74,-0.5654,0.859,2.374
MAT_0189,Na,Tetragonal,34,0.165,10.22,77.413,3.697,200.015,2164.66,11.281,-2.53,1.394,2.984
MAT_0190,Li,Hexagonal,52,0.469,59.939,41.96,3.67,84.597,1845.5,7.625,-1.2005,0.794,3.87
MAT_0191,Li,Orthorhombic,112,0.38,22.965,56.558,1.468,198.471,1392.2,7.153,-2.4954,0.978,2.484
MAT_0192,Ca,Triclinic,82,0.709,46.15,138.636,1.779,60.16,1281.75,6.272,-3.1643,4.865,2.582
MAT_0193,Zn,Tetragonal,227,0.645,49.367,98.961,3.476,201.062,885.4,3.698,-1.9641,0.766,2.983
MAT_0194,K,Monoclinic,221,0.428,52.191,133.367,3.697,105.943,2107.95,1.539,-2.8386,1.346,3.216
MAT_0195,Li,Hexagonal,180,0.296,59.87,28.532,2.075,103.48,2920.8,4.036,-1.326,2.953,3.311
MAT_0196,Li,Hexagonal,157,0.989,18.282,59.678,1.695,137.055,774.43,6.852,-3.0059,3.051,2.699
MAT_0197,Mg,Triclinic,166,0.509,7.219,82.115,2.331,209.917,1912.21,5.49,-1.458,0.77,2.773
MAT_0198,Ca,Monoclinic,42,0.719,27.616,19.979,2.832,58.123,1445.3,6.209,-3.2131,3.969,2.919
MAT_0199,Ca,Orthorhombic,21,0.226,12.154,10.544,1.548,109.879,1506.06,11.797,-0.6451,3.926,2.58
MAT_0200,Mg,Monoclinic,42,0.537,6.233,97.156,2.983,195.617,986.2,5.178,-0.2303,1.187,3.231
MAT_0201,K,Orthorhombic,141,0.125,24.823,93.437,0.86,117.329,2527.86,6.248,-3.448,1.443,2.172
MAT_0202,Li,Monoclinic,113,0.555,48.106,63.403,0.853,83.857,1610.19,2.902,-1.661,4.69,2.53
MAT_0203,Li,Monoclinic,105,0.968,36.14,73.654,1.897,122.215,1767.2,2.004,-3.6456,4.128,2.803
MAT_0204,Ca,Cubic,192,0.446,22.203,64.008,1.796,115.544,1122.85,9.642,-1.0091,3.489,2.551
MAT_0205,K,Hexagonal,17,0.135,40.989,13.121,1.678,205.621,790.88,7.492,-2.678,0.411,1.817
MAT_0206,Li,Monoclinic,120,0.128,17.761,53.598,2.222,179.529,531.96,9.487,-1.3619,2.091,2.995
MAT_0207,Li,Triclinic,137,0.449,5.791,33.021,1.694,135.87,2228.12,3.074,-1.4127,2.797,2.785
MAT_0208,K,Monoclinic,169,0.244,47.039,22.795,1.296,218.023,829.83,7.504,0.6218,0.937,2.193
MAT_0209,Li,Tetragonal,129,0.121,39.306,134.374,1.659,129.097,2163.2,4.163,-1.2546,2.241,3.002
MAT_0210,Li,Hexagonal,130,0.781,46.927,87.917,3.722,59.9,1354.02,3.895,-1.085,3.005,3.882
MAT_0211,Na,Tetragonal,60,0.513,7.142,104.725,1.974,94.587,1422.59,1.621,-1.9917,1.637,2.546
MAT_0212,K,Hexagonal,48,0.36,51.042,50.997,2.079,124.132,1566.78,2.869,0.7454,3.905,3.074
MAT_0213,K,Tetragonal,29,0.91,39.074,61.109,2.487,76.673,1292.81,4.747,-0.1141,4.202,2.892
MAT_0214,Li,Monoclinic,97,0.205,35.987,40.8,3.748,211.086,571.67,2.727,-2.573,1.618,3.009
MAT_0215,K,Monoclinic,10,0.96,39.354,22.606,1.449,180.364,1136.01,11.852,0.221,4.193,2.567
MAT_0216,Li,Cubic,58,0.383,52.544,33.274,2.812,95.609,2092.08,4.741,-1.838,0.518,3.311
MAT_0217,Li,Triclinic,188,0.9,37.282,113.677,2.92,150.437,2097.62,2.868,0.1433,4.189,3.605
MAT_0218,Mg,Tetragonal,21,0.643,36.952,98.081,2.583,172.646,1072.81,3.59,0.1144,0.764,3.105
MAT_0219,K,Orthorhombic,28,0.844,59.487,81.101,0.975,210.017,1542.28,7.671,-3.0556,0.415,1.49
MAT_0220,Ca,Cubic,203,0.986,46.62,71.762,2.798,199.878,822.31,2.172,-0.4943,3.209,2.676
MAT_0221,K,Tetragonal,34,0.36,29.326,129.916,0.899,137.583,868.0,10.556,-2.5468,2.36,1.89
MAT_0222,Na,Tetragonal,8,0.965,43.907,19.456,2.548,181.691,362.23,11.596,-2.5125,4.539,2.994
MAT_0223,Li,Cubic,187,0.451,26.408,46.478,2.993,145.565,2721.22,4.091,-2.5183,1.816,3.136
MAT_0224,Li,Monoclinic,214,0.447,17.588,55.492,1.354,143.96,868.91,6.226,-0.3722,1.436,2.68
MAT_0225,Li,Tetragonal,200,0.406,37.827,111.715,3.309,69.506,914.34,1.732,-2.8509,2.504,3.353
MAT_0226,Li,Monoclinic,177,0.587,56.05,139.027,0.794,71.443,1054.92,8.227,-3.9955,2.28,2.186
MAT_0227,Al,Cubic,79,0.239,56.103,41.287,3.316,140.021,644.0,5.846,-0.4238,1.722,3.563
MAT_0228,Li,Monoclinic,145,0.598,23.805,123.66,2.127,95.706,2026.01,4.336,-3.1441,3.469,3.083
MAT_0229,Ca,Hexagonal,188,0.588,34.022,117.981,1.375,53.576,502.89,3.672,-3.4776,3.798,2.748
MAT_0230,K,Orthorhombic,87,0.786,16.64,39.205,1.115,172.883,662.35,8.367,-2.8124,4.265,1.598
MAT_0231,Mg,Tetragonal,88,0.85,59.76,61.913,3.655,55.523,2040.84,5.87,-2.1005,4.864,3.852
MAT_0232,Na,Triclinic,173,0.496,58.961,63.257,0.925,151.197,1217.08,3.386,-1.6205,1.333,1.823
MAT_0233,Na,Orthorhombic,211,0.372,40.723,137.169,1.317,141.663,2211.46,8.736,-3.7771,3.58,2.154
MAT_0234,Na,Monoclinic,69,0.333,49.243,33.516,1.778,214.698,1805.05,7.433,0.8529,1.971,2.459
MAT_0235,Li,Tetragonal,160,0.275,44.331,113.891,2.623,132.316,991.26,10.516,-0.4197,3.385,3.566
MAT_0236,Mg,Monoclinic,172,0.152,37.624,53.445,2.389,60.812,2057.24,2.733,-2.384,2.38,3.182
MAT_0237,Li,Hexagonal,193,0.408,7.934,105.013,1.089,143.787,613.94,9.749,-2.4065,4.969,2.863
MAT_0238,Li,Cubic,87,0.343,30.012,64.601,1.598,192.986,1748.31,8.572,-1.7573,3.645,2.447
MAT_0239,K,Tetragonal,101,0.97,42.113,85.187,1.44,219.464,1480.3,2.708,-0.8688,4.762,1.831
MAT_0240,Li,Hexagonal,8,0.602,42.264,118.24,1.362,123.158,1023.26,8.796,-3.2681,4.175,2.963
MAT_0241,Zn,Hexagonal,77,0.413,25.522,114.542,1.975,104.451,1930.81,6.136,-3.0554,4.515,2.951
MAT_0242,Zn,Tetragonal,200,0.622,56.793,122.635,2.882,204.131,2652.6,11.422,0.2972,4.072,3.004
MAT_0243,Zn,Monoclinic,87,0.225,14.205,17.75,1.374,82.511,2997.04,2.987,-2.7187,2.296,2.528
MAT_0244,Li,Triclinic,43,0.5,32.52,99.967,1.837,154.623,1940.96,8.25,-2.099,1.259,2.734
MAT_0245,Li,Hexagonal,129,0.664,42.999,28.198,1.912,118.971,1392.71,5.511,0.3564,1.852,3.357
MAT_0246,Zn,Orthorhombic,109,0.54,43.342,64.056,3.727,56.984,908.06,11.547,-0.6843,0.101,3.832
MAT_0247,Li,Hexagonal,179,0.462,40.675,81.316,3.659,109.039,994.16,4.965,-2.2914,2.62,3.772
MAT_0248,Al,Triclinic,152,0.994,20.141,62.356,3.18,95.089,1594.53,11.603,-0.5815,2.525,3.588
MAT_0249,Al,Monoclinic,227,0.892,13.591,77.55,1.449,166.635,1291.65,10.966,-3.9016,2.626,2.153
MAT_0250,Ca,Monoclinic,152,0.661,39.977,139.548,0.911,211.294,2767.3,4.339,-0.3218,4.87,2.243
MAT_0251,Li,Orthorhombic,17,0.612,37.962,27.578,1.682,95.568,1294.4,9.937,-1.5649,4.557,3.073
MAT_0252,Li,Hexagonal,133,0.659,14.865,97.809,1.527,187.949,1308.3,11.954,0.0659,0.809,2.647
MAT_0253,Ca,Monoclinic,148,0.281,43.783,61.48,2.268,59.411,1335.54,4.153,0.7732,1.844,3.717
MAT_0254,Li,Triclinic,21,0.456,30.034,27.291,3.111,141.481,2558.87,6.086,0.6289,2.12,3.591
MAT_0255,Li,Tetragonal,58,0.136,41.727,30.636,3.361,61.994,2057.13,6.962,0.5463,1.803,4.195
MAT_0256,Na,Cubic,159,0.528,51.055,133.406,3.319,208.786,1958.26,4.597,-1.4392,3.992,3.192
MAT_0257,Zn,Cubic,110,0.589,14.335,124.348,1.815,180.28,1202.19,1.66,-2.1993,2.62,2.491
MAT_0258,K,Cubic,228,0.305,6.053,127.915,2.83,161.851,2508.34,3.811,-1.6748,2.86,2.744
MAT_0259,Na,Hexagonal,139,0.968,47.851,138.899,1.67,190.062,403.58,4.46,-0.5505,4.265,2.176
MAT_0260,Li,Orthorhombic,180,0.919,38.533,37.081,0.889,160.078,2651.15,6.158,0.42,4.03,2.563
MAT_0261,K,Monoclinic,143,0.75,43.48,56.207,2.875,214.721,1684.42,3.297,-2.9651,0.661,2.368
MAT_0262,Al,Tetragonal,211,0.58,51.099,96.998,0.73,171.373,1375.28,10.669,0.591,3.57,1.878
MAT_0263,Li,Triclinic,135,0.883,49.155,72.894,1.968,207.192,1642.35,8.902,0.0759,2.177,2.765
MAT_0264,Na,Tetragonal,28,0.218,57.851,64.391,1.721,137.912,2102.02,2.395,0.8943,1.473,2.911
MAT_0265,Ca,Triclinic,51,0.811,34.476,56.515,2.849,69.901,334.47,8.326,0.4013,0.25,3.523
MAT_0266,Mg,Hexagonal,186,0.212,31.867,87.191,3.075,139.79,2653.19,8.363,-2.6003,2.436,3.41
MAT_0267,K,Cubic,5,0.815,27.104,84.827,1.643,71.568,1506.2,11.54,-3.4702,1.777,2.578
MAT_0268,K,Hexagonal,5,0.348,13.453,30.99,3.216,150.724,1226.01,1.532,-3.4388,1.258,3.136
MAT_0269,Li,Orthorhombic,94,0.889,36.493,71.326,1.611,132.024,673.26,4.103,-2.5439,3.473,3.014
MAT_0270,Li,Orthorhombic,96,0.95,20.236,81.951,2.084,155.838,1486.56,11.242,-0.9291,3.847,3.18
MAT_0271,Mg,Triclinic,8,0.234,55.672,84.137,2.954,51.708,1640.07,11.287,0.0216,1.224,3.606
MAT_0272,Mg,Monoclinic,64,0.516,37.075,37.314,2.848,83.123,1389.85,9.066,0.4963,0.247,3.578
MAT_0273,Ca,Monoclinic,138,0.983,37.606,106.495,3.761,133.526,2132.38,9.541,-0.8812,4.244,3.509
MAT_0274,Zn,Triclinic,38,0.535,24.521,13.276,1.398,211.586,1436.42,2.461,-3.9718,0.05,1.902
MAT_0275,Na,Orthorhombic,111,0.877,7.859,56.128,2.753,115.214,2895.83,6.896,-3.0684,4.686,3.224
MAT_0276,Na,Orthorhombic,224,0.63,6.746,111.428,2.59,122.143,1918.05,3.932,-3.5014,3.138,2.833
MAT_0277,Mg,Orthorhombic,112,0.438,28.283,83.306,3.537,171.498,2480.19,3.403,-2.1834,1.609,3.615
MAT_0278,K,Hexagonal,220,0.357,9.651,43.951,1.185,152.645,595.26,10.008,-1.4932,1.232,2.106
MAT_0279,K,Orthorhombic,81,0.283,38.377,100.344,3.031,100.817,1372.69,2.918,-3.783,0.045,2.66
MAT_0280,Mg,Tetragonal,223,0.786,53.454,83.761,2.462,119.839,1209.49,6.421,-2.2576,1.177,3.004
MAT_0281,Ca,Cubic,136,0.448,53.56,113.512,1.551,87.009,1837.6,11.355,-3.1041,0.689,2.286
MAT_0282,Li,Orthorhombic,104,0.56,41.247,105.553,2.171,214.224,2625.01,3.451,-0.7646,3.061,3.083
MAT_0283,Li,Triclinic,153,0.543,16.618,89.314,1.735,72.208,511.51,11.769,-1.6786,0.833,2.757
MAT_0284,Li,Cubic,73,0.62,52.465,73.463,2.496,113.212,495.95,11.94,-1.5234,2.643,3.296
MAT_0285,Na,Hexagonal,194,0.879,53.735,27.314,3.456,54.393,2595.86,7.334,-1.8615,2.951,3.992
MAT_0286,Li,Triclinic,207,0.983,15.816,43.973,2.465,87.703,874.7,3.286,0.7801,1.49,3.397
MAT_0287,Na,Cubic,178,0.467,45.558,64.483,2.658,182.68,2105.63,4.819,-2.9263,0.175,2.681
MAT_0288,Na,Triclinic,195,0.845,20.759,87.909,2.308,84.2,1765.77,5.957,-1.4167,0.186,2.73
MAT_0289,Li,Hexagonal,49,0.788,49.145,76.782,0.859,63.611,2548.81,4.748,-0.3199,0.132,3.005
MAT_0290,Na,Tetragonal,36,0.616,59.848,47.464,1.422,130.657,637.74,4.447,-1.2158,3.696,2.634
MAT_0291,Li,Hexagonal,126,0.96,6.651,10.84,2.225,51.695,650.41,11.708,0.6451,1.59,3.789
MAT_0292,Li,Hexagonal,68,0.28,54.355,74.511,1.662,64.41,1803.41,3.11,-2.1102,3.982,3.185
MAT_0293,Ca,Triclinic,78,0.198,39.245,47.131,1.263,187.296,2855.22,9.2,-1.6816,2.159,2.028
MAT_0294,Li,Monoclinic,105,0.869,58.536,105.499,2.263,181.15,1420.49,1.504,-3.5574,2.265,2.554
MAT_0295,Li,Orthorhombic,169,0.495,30.576,13.113,1.701,205.574,1182.74,7.76,-0.955,2.564,2.855
MAT_0296,Na,Orthorhombic,217,0.862,51.606,86.028,1.5,195.268,1938.06,11.117,-2.5589,3.565,2.51
MAT_0297,Mg,Tetragonal,122,0.904,8.432,132.392,2.138,166.14,2812.21,4.523,-3.1985,1.368,2.41
MAT_0298,Li,Tetragonal,119,0.156,23.44,32.673,1.113,58.897,2559.71,3.448,-1.2773,0.608,3.111
MAT_0299,K,Orthorhombic,190,0.895,8.686,71.314,3.576,183.084,2987.81,8.343,-1.3384,2.78,3.117
MAT_0300,Li,Monoclinic,114,0.503,58.644,21.885,3.39,193.737,360.94,8.982,-3.6206,1.635,3.364
MAT_0301,Li,Orthorhombic,10,0.559,49.934,91.339,2.894,185.844,604.72,8.724,-0.5089,2.212,3.307
MAT_0302,Na,Monoclinic,149,0.664,51.89,81.569,1.029,136.441,1945.56,4.853,-0.8811,3.235,2.439
MAT_0303,Na,Tetragonal,164,0.934,56.588,62.958,3.105,89.593,2515.56,4.148,-3.0549,2.471,3.348
MAT_0304,K,Cubic,140,0.117,9.681,77.779,3.205,193.706,1070.16,11.537,-1.6528,3.101,2.752
MAT_0305,Mg,Triclinic,91,0.529,26.208,126.555,3.08,173.618,945.87,11.195,-0.3984,2.721,3.231
MAT_0306,Al,Tetragonal,2,0.719,8.907,35.518,1.053,216.729,2424.83,6.302,-1.3528,3.699,2.372
MAT_0307,Na,Tetragonal,118,0.75,16.594,12.933,2.696,76.468,452.23,10.385,-2.0226,3.53,3.173
MAT_0308,Li,Hexagonal,13,0.723,17.615,122.016,3.286,88.363,1297.33,6.249,-2.3883,2.671,3.701
MAT_0309,Mg,Hexagonal,181,0.221,30.801,85.025,2.49,86.006,1665.68,5.956,-0.948,3.395,3.275
MAT_0310,Li,Hexagonal,160,0.369,19.771,125.786,2.704,184.732,1812.94,3.146,0.6955,4.368,3.804
MAT_0311,Li,Triclinic,95,0.423,10.554,87.603,2.121,81.774,2267.26,5.977,-0.6413,2.161,3.113
MAT_0312,Li,Hexagonal,144,0.824,14.212,115.321,2.339,61.332,1258.08,7.143,-3.6263,2.064,3.516
MAT_0313,Li,Monoclinic,32,0.351,13.1,65.858,0.807,219.755,1954.25,1.736,-1.6966,3.821,1.915
MAT_0314,Al,Orthorhombic,32,0.29,58.519,107.482,2.681,54.219,1880.51,6.163,0.4541,2.913,3.965
MAT_0315,Ca,Cubic,124,0.962,46.761,128.695,0.952,191.991,1778.56,9.704,-3.5277,0.355,1.87
MAT_0316,K,Tetragonal,226,0.108,58.227,84.376,2.049,112.112,2029.3,8.64,0.9444,4.461,2.888
MAT_0317,Li,Monoclinic,11,0.998,29.186,33.502,1.607,193.075,1000.51,8.169,0.7453,0.154,2.593
MAT_0318,Li,Cubic,10,0.709,20.31,44.944,2.391,144.285,528.55,11.05,-3.6086,3.742,2.817
MAT_0319,Li,Monoclinic,15,0.846,48.906,35.824,1.114,203.277,622.03,1.689,0.6671,3.794,2.43
MAT_0320,Li,Monoclinic,17,0.365,22.944,42.091,2.844,207.453,906.37,7.349,-2.1843,4.766,3.152
MAT_0321,Na,Tetragonal,168,0.113,21.466,49.834,3.165,51.547,1650.53,9.767,0.2235,0.271,3.691
MAT_0322,K,Orthorhombic,146,0.764,17.788,82.167,1.206,62.82,2569.2,7.184,-1.9081,2.984,2.312
MAT_0323,K,Hexagonal,183,0.851,12.132,86.439,1.023,92.561,2193.49,4.901,-1.7957,2.139,2.311
MAT_0324,Li,Triclinic,201,0.766,19.105,65.445,1.151,163.784,2430.41,2.931,-0.8288,1.653,2.401
MAT_0325,Zn,Orthorhombic,153,0.229,24.543,90.005,3.419,201.006,1247.63,10.819,-0.1276,0.452,2.916
MAT_0326,Mg,Triclinic,59,0.778,42.07,20.605,2.337,128.19,1392.57,6.443,-3.8311,2.813,2.64
MAT_0327,Na,Tetragonal,78,0.792,8.441,21.412,2.149,153.185,1362.94,10.72,-1.0342,2.395,2.896
MAT_0328,K,Tetragonal,124,0.693,16.578,32.338,1.031,82.045,818.06,7.651,-3.0663,0.523,2.014
MAT_0329,Li,Tetragonal,217,0.79,49.496,77.35,2.714,186.844,465.28,8.579,-2.2703,3.062,3.052
MAT_0330,Li,Cubic,114,0.861,13.081,37.819,3.391,214.446,1895.47,9.945,-2.2602,3.69,3.364
MAT_0331,Li,Triclinic,22,0.652,23.845,46.827,3.267,95.662,2970.89,8.421,-1.6547,3.836,3.545
MAT_0332,Mg,Orthorhombic,158,0.18,52.556,62.041,2.641,134.12,750.44,5.68,-2.3293,4.527,3.304
MAT_0333,Li,Orthorhombic,212,0.539,13.521,115.543,0.933,64.64,426.05,6.893,-3.4632,2.047,2.863
MAT_0334,Li,Monoclinic,213,0.17,9.551,11.802,1.048,145.053,2404.74,9.932,-3.2719,4.765,1.981
MAT_0335,Li,Monoclinic,172,0.467,31.65,94.419,0.853,135.473,981.98,5.423,-3.8328,4.327,2.087
MAT_0336,Li,Monoclinic,32,0.466,21.633,96.954,1.498,74.554,2540.04,5.575,-1.6488,1.483,3.279
MAT_0337,Ca,Tetragonal,179,0.159,35.987,113.825,1.121,125.151,2200.63,2.505,0.7722,0.796,2.514
MAT_0338,K,Orthorhombic,174,0.414,49.209,131.258,1.506,106.798,2853.32,11.103,-3.4216,2.177,2.232
MAT_0339,Na,Triclinic,113,0.2,12.543,12.618,1.894,138.711,1404.1,2.456,0.7313,2.009,2.715
MAT_0340,Li,Tetragonal,120,0.827,36.938,29.992,3.623,149.561,2087.32,8.306,-0.3332,2.879,4.024
MAT_0341,Na,Cubic,149,0.953,32.803,125.202,2.592,51.444,1555.11,5.839,-0.8125,2.917,3.308
MAT_0342,Na,Monoclinic,227,0.165,12.924,69.607,3.288,179.371,2002.59,5.759,-0.7736,3.75,3.312
MAT_0343,Li,Tetragonal,122,0.96,39.32,83.397,2.902,171.212,1513.92,8.635,0.1336,2.549,3.391
MAT_0344,Li,Tetragonal,32,0.57,20.05,96.194,1.049,112.269,809.31,2.204,-3.4654,0.524,2.183
MAT_0345,Li,Cubic,222,0.37,31.831,98.279,2.981,58.999,1671.32,7.734,-1.4762,4.291,3.745
MAT_0346,K,Hexagonal,119,0.169,9.525,131.126,1.553,178.339,1727.18,9.606,-0.5145,1.549,2.325
MAT_0347,K,Orthorhombic,39,0.551,30.277,139.603,2.681,212.38,2488.63,10.196,-1.0659,4.856,2.629
MAT_0348,Li,Triclinic,12,0.815,21.855,103.62,1.757,90.826,2285.91,3.291,0.1639,0.589,3.28
MAT_0349,Li,Hexagonal,175,0.736,50.231,47.339,3.793,104.999,2092.24,10.923,-3.6386,4.791,3.719
MAT_0350,K,Monoclinic,18,0.145,8.134,124.368,1.517,81.248,606.15,8.39,-0.5465,0.455,2.493
MAT_0351,Na,Tetragonal,149,0.166,28.023,16.399,1.565,148.079,2245.66,10.759,-1.3299,1.155,2.497
MAT_0352,Ca,Cubic,141,0.463,30.214,40.041,3.585,76.323,1650.82,6.595,-2.1042,0.233,3.523
MAT_0353,K,Cubic,149,0.366,44.875,126.66,0.776,110.553,2714.07,7.191,-2.2986,3.526,2.155
MAT_0354,Li,Orthorhombic,126,0.309,36.586,43.305,2.86,168.492,2783.65,11.15,-0.8958,4.251,3.33
MAT_0355,Li,Hexagonal,136,0.353,41.697,38.685,2.949,145.22,448.92,10.949,0.455,2.17,3.806
MAT_0356,K,Orthorhombic,46,0.823,47.738,27.956,3.293,115.699,2515.73,6.206,-1.5191,4.643,3.459
MAT_0357,Li,Tetragonal,104,0.936,52.421,121.685,3.721,121.442,401.78,4.381,0.1236,2.951,4.191
MAT_0358,Na,Orthorhombic,135,0.465,22.263,75.008,3.724,145.559,1291.36,5.628,-1.9892,3.15,3.147
MAT_0359,Zn,Triclinic,151,0.915,34.591,97.736,0.902,50.997,1764.21,5.572,-3.488,4.227,2.425
MAT_0360,Na,Cubic,224,0.389,51.206,41.079,3.248,63.347,699.87,4.512,-3.6925,1.484,3.453
MAT_0361,Li,Cubic,203,0.529,59.42,108.545,2.704,199.814,2315.05,4.32,-3.7433,1.771,2.69
MAT_0362,K,Monoclinic,86,0.303,53.924,108.801,2.707,63.239,322.56,10.541,-2.0992,4.53,2.925
MAT_0363,Na,Monoclinic,150,0.676,25.431,50.638,1.098,170.157,755.22,2.234,-2.3138,4.505,1.949
MAT_0364,Na,Tetragonal,89,0.981,15.734,63.389,2.716,206.406,1868.15,8.615,-0.4103,4.882,2.787
MAT_0365,Zn,Triclinic,22,0.643,31.917,37.26,3.746,96.016,2228.85,3.315,-0.2859,4.509,3.924
MAT_0366,Li,Hexagonal,92,0.422,45.79,136.953,3.527,112.984,2774.94,5.117,-3.7457,0.637,3.949
MAT_0367,Al,Orthorhombic,29,0.683,32.091,93.928,2.061,146.717,2204.84,2.146,-2.8944,4.119,2.671
MAT_0368,Zn,Tetragonal,13,0.211,31.575,131.491,0.824,199.891,2113.8,4.335,-2.6287,2.049,1.7
MAT_0369,Li,Monoclinic,210,0.9,51.103,49.44,1.823,210.124,1364.72,9.568,-1.2619,4.954,2.652
MAT_0370,Li,Orthorhombic,2,0.553,24.877,111.646,3.262,175.726,303.47,10.793,-3.2774,2.361,2.948
MAT_0371,Li,Monoclinic,29,0.504,52.289,109.562,2.875,64.725,624.43,3.826,-3.3303,2.769,3.233
MAT_0372,Li,Orthorhombic,213,0.627,27.374,99.915,2.124,163.756,1743.3,6.367,0.7189,2.649,3.256
MAT_0373,Li,Hexagonal,207,0.662,23.053,135.533,0.871,119.752,2122.85,6.438,0.021,1.609,2.656
MAT_0374,K,Tetragonal,180,0.165,29.969,61.162,2.023,130.019,1427.11,10.673,-3.0967,0.375,2.459
MAT_0375,Li,Orthorhombic,27,0.714,46.935,26.993,2.154,58.355,2272.83,9.509,-1.9672,4.478,3.208
MAT_0376,Li,Triclinic,50,0.318,11.93,97.322,3.579,82.481,1709.03,6.887,-2.2219,4.013,3.872
MAT_0377,Ca,Cubic,95,0.743,15.803,104.81,2.687,184.387,500.28,8.543,-0.045,0.698,3.211
MAT_0378,Li,Triclinic,207,0.84,57.329,84.758,1.666,127.173,818.44,10.397,-1.4489,3.884,2.87
MAT_0379,Mg,Triclinic,151,0.824,14.652,36.886,2.328,101.283,2568.0,1.6,-3.3608,3.129,2.824
MAT_0380,Li,Cubic,88,0.597,36.225,75.579,0.905,115.283,2257.26,5.73,-0.305,2.046,2.763
MAT_0381,Li,Triclinic,44,0.568,36.862,50.585,3.715,195.248,2715.86,11.026,-2.0156,1.27,3.203
MAT_0382,K,Orthorhombic,205,0.229,31.929,65.571,1.816,177.33,617.4,9.273,-2.6854,4.299,1.866
MAT_0383,K,Orthorhombic,22,0.798,40.461,93.878,2.181,96.294,2973.6,7.2,-2.1225,3.501,2.634
MAT_0384,Ca,Orthorhombic,171,0.344,17.64,106.878,1.801,69.975,865.4,7.061,-1.5112,2.739,2.907
MAT_0385,Mg,Cubic,165,0.547,35.396,40.189,2.816,92.84,331.81,5.152,-2.2844,3.048,3.188
MAT_0386,Mg,Triclinic,189,0.356,25.47,62.692,2.753,206.529,2993.04,6.965,-2.7905,0.455,2.496
MAT_0387,Li,Cubic,97,0.22,41.392,44.991,2.917,148.87,1058.9,8.382,-2.0075,2.37,3.351
MAT_0388,Li,Orthorhombic,184,0.667,12.767,35.822,1.531,140.692,2103.65,5.893,-3.9041,0.969,2.516
MAT_0389,Mg,Triclinic,3,0.149,36.398,111.84,1.679,151.387,777.04,8.999,-0.1375,1.042,2.817
MAT_0390,Mg,Triclinic,191,0.774,15.19,128.203,1.088,112.225,1866.62,10.543,-3.1453,3.307,2.327
MAT_0391,Al,Monoclinic,118,0.386,20.325,58.13,2.732,187.208,2740.89,3.124,-3.7805,4.556,2.708
MAT_0392,Li,Monoclinic,19,0.1,17.029,107.666,0.823,138.959,1164.49,6.241,-0.7315,2.019,2.267
MAT_0393,Li,Hexagonal,23,0.56,15.056,126.609,2.553,69.847,2109.69,5.784,-0.1303,1.039,3.49
MAT_0394,Mg,Tetragonal,157,0.142,50.414,119.996,3.396,71.941,807.34,8.718,0.0691,3.244,3.833
MAT_0395,Li,Monoclinic,30,0.349,20.714,33.766,3.462,141.266,1986.95,4.124,-1.5325,4.356,3.437
MAT_0396,Zn,Cubic,39,0.736,55.992,134.318,2.092,209.217,1208.42,8.223,-2.9732,3.742,2.389
MAT_0397,Ca,Monoclinic,108,0.156,58.346,58.968,2.124,102.42,870.26,10.714,-0.3139,4.344,2.759
MAT_0398,Li,Hexagonal,111,0.855,36.419,54.101,0.939,197.822,1145.59,5.89,-0.5014,2.683,2.672
MAT_0399,Mg,Triclinic,25,0.103,12.865,18.116,2.779,179.896,782.87,11.066,-2.7686,3.759,2.638
MAT_0400,Mg,Hexagonal,128,0.322,25.6,73.203,3.246,92.128,2735.17,11.928,0.517,0.7,3.836
MAT_0401,Li,Triclinic,229,0.767,48.875,24.172,1.458,56.178,1372.4,2.614,-3.4781,1.741,2.674
MAT_0402,Zn,Triclinic,111,0.385,25.206,42.31,2.006,67.314,962.25,3.947,0.9134,1.948,3.384
MAT_0403,Na,Tetragonal,136,0.192,9.786,51.203,3.3,173.844,1510.7,11.479,0.3012,2.556,3.634
MAT_0404,Ca,Monoclinic,106,0.424,35.623,115.147,3.419,83.944,1165.45,11.562,-0.5605,4.645,3.938
MAT_0405,Li,Cubic,186,0.343,51.482,123.814,1.454,113.116,2309.93,2.526,0.6937,4.371,2.913
MAT_0406,Ca,Cubic,144,0.858,48.776,49.321,2.407,135.289,2922.29,1.657,-0.3884,0.673,2.917
MAT_0407,Li,Orthorhombic,72,0.382,14.632,121.631,1.297,173.33,1482.69,3.192,-3.0477,0.864,2.23
MAT_0408,Li,Triclinic,129,0.81,42.002,121.44,1.016,69.249,2624.79,11.958,-1.7892,1.788,2.701
MAT_0409,Zn,Cubic,108,0.903,17.128,109.405,3.524,119.082,1827.83,3.39,-3.6425,1.454,3.344
MAT_0410,Li,Tetragonal,5,0.49,17.001,29.07,3.244,132.462,724.54,6.777,-2.0517,3.074,3.36
MAT_0411,Li,Triclinic,3,0.919,53.074,99.742,3.056,141.941,2164.68,10.408,-0.292,4.514,3.412
MAT_0412,Zn,Tetragonal,193,0.44,18.732,132.853,0.851,189.121,1686.27,1.714,-2.0678,4.811,1.828
MAT_0413,Zn,Cubic,132,0.968,19.479,98.73,3.316,79.185,2056.64,7.847,-2.3485,3.268,3.091
MAT_0414,Na,Cubic,104,0.18,5.036,53.11,2.058,187.331,2702.16,4.409,-1.0232,4.191,2.41
MAT_0415,K,Orthorhombic,227,0.718,52.887,75.075,1.761,167.789,1489.17,10.555,0.361,2.626,2.757
MAT_0416,Li,Cubic,224,0.544,48.593,93.944,2.394,144.498,2733.18,4.476,-3.7621,1.042,3.086
MAT_0417,Li,Triclinic,64,0.449,39.503,76.374,0.983,168.92,2326.81,8.711,-2.0726,2.623,2.425
MAT_0418,Li,Triclinic,106,0.669,46.265,25.594,3.046,120.043,1619.23,8.579,-3.2088,2.775,3.356
MAT_0419,K,Triclinic,98,0.733,13.363,50.568,2.506,73.528,1928.7,3.826,-0.5232,3.712,2.859
MAT_0420,Mg,Orthorhombic,217,0.104,30.208,114.311,1.278,163.18,1179.07,1.865,-3.4714,1.099,1.984
MAT_0421,Mg,Orthorhombic,10,0.25,24.317,121.984,1.284,139.194,2955.71,5.797,-0.676,1.842,2.339
MAT_0422,Mg,Cubic,149,0.742,10.158,27.849,1.271,158.694,2101.85,4.537,-2.5691,1.82,2.238
MAT_0423,Li,Hexagonal,128,0.7,31.737,133.81,0.877,107.46,418.39,9.994,-3.0054,4.797,2.62
MAT_0424,Na,Hexagonal,46,0.969,55.641,52.747,2.522,204.167,1181.88,9.904,0.6818,2.22,2.913
MAT_0425,Li,Orthorhombic,219,0.785,7.203,96.101,3.305,149.853,1982.95,6.299,-3.9074,3.775,3.423
MAT_0426,Na,Cubic,155,0.956,21.03,107.737,0.754,64.518,452.1,7.868,-1.8111,3.754,2.62
MAT_0427,Li,Hexagonal,66,0.732,16.415,115.553,0.852,126.467,364.49,7.845,-3.8919,1.328,2.223
MAT_0428,Ca,Cubic,169,0.368,18.098,132.947,2.476,178.581,1515.07,10.185,-1.582,2.859,2.484
MAT_0429,Li,Cubic,112,0.195,54.964,50.68,3.24,185.003,1198.26,5.963,-1.4948,4.472,3.637
MAT_0430,Li,Cubic,13,0.804,30.744,121.606,1.713,134.081,1483.41,4.392,-2.3917,2.376,2.789
MAT_0431,Li,Monoclinic,137,0.68,30.646,27.119,1.784,202.107,1009.27,4.283,-3.3392,4.726,2.739
MAT_0432,Mg,Triclinic,164,0.143,46.832,101.655,2.549,95.504,744.74,7.13,-2.1181,1.072,3.021
MAT_0433,K,Cubic,86,0.424,13.497,106.457,1.55,119.802,2160.69,6.216,-0.6387,0.371,2.466
MAT_0434,Li,Monoclinic,90,0.961,31.8,98.104,0.782,202.761,1689.34,6.121,-0.088,4.457,2.167
MAT_0435,Li,Orthorhombic,58,0.55,28.649,42.801,2.979,202.364,840.42,2.457,-1.3462,4.238,3.214
MAT_0436,K,Hexagonal,54,0.489,37.83,123.496,2.64,166.571,1162.89,9.045,-1.0508,4.963,2.653
MAT_0437,Li,Triclinic,12,0.512,59.976,31.952,2.5,196.027,1897.88,3.744,-2.9969,3.397,2.432
MAT_0438,Ca,Hexagonal,209,0.288,47.32,16.973,2.999,65.091,495.02,3.568,-2.5633,4.683,3.579
MAT_0439,K,Triclinic,206,0.432,26.883,103.27,2.793,197.049,698.12,5.834,-3.1905,4.135,2.294
MAT_0440,Li,Hexagonal,14,0.433,50.515,71.812,1.338,104.505,497.76,3.892,-2.7535,4.222,2.739
MAT_0441,Li,Triclinic,121,0.147,14.389,120.383,1.793,80.316,2493.26,7.631,-2.8756,2.846,2.654
MAT_0442,Al,Hexagonal,162,0.791,6.676,59.842,1.091,90.693,2331.5,5.4,-1.4028,1.912,2.661
MAT_0443,Li,Hexagonal,181,0.475,16.245,31.876,1.103,121.055,2333.94,6.214,-1.1866,4.673,3.052
MAT_0444,Li,Hexagonal,121,0.84,23.723,118.737,2.796,92.703,2234.08,7.14,0.7247,2.161,3.932
MAT_0445,Mg,Hexagonal,20,0.865,33.082,81.358,3.362,104.496,2107.34,3.637,-3.0221,2.694,3.37
MAT_0446,Zn,Orthorhombic,75,0.291,38.832,34.595,3.684,72.946,1587.88,3.135,-0.7916,2.231,4.097
MAT_0447,Al,Cubic,144,0.692,55.083,103.65,2.648,100.35,2034.15,10.744,0.0863,2.824,3.801
MAT_0448,Mg,Tetragonal,223,0.525,33.042,76.445,1.271,147.288,403.58,6.054,-1.1988,2.353,2.591
MAT_0449,Li,Monoclinic,70,0.892,32.57,88.561,1.028,125.115,1977.95,5.827,-2.725,0.24,2.474
MAT_0450,Li,Tetragonal,56,0.294,7.763,69.917,3.22,108.942,2400.27,1.874,-2.6872,4.41,3.716
MAT_0451,Mg,Tetragonal,211,0.71,6.92,117.732,2.494,176.897,1650.97,6.729,-3.8037,2.222,2.334
MAT_0452,Na,Triclinic,101,0.647,35.314,117.843,2.617,201.897,1265.29,7.319,-2.4728,2.945,2.849
MAT_0453,Li,Cubic,186,0.366,29.1,102.221,3.123,178.654,1049.05,7.368,-0.277,0.696,3.605
MAT_0454,Zn,Triclinic,132,0.223,51.155,23.702,2.88,106.44,2035.57,8.924,-3.7624,0.017,2.875
MAT_0455,Li,Cubic,111,0.686,13.837,119.051,3.287,176.555,2170.56,3.364,-2.9035,1.226,3.194
MAT_0456,Na,Cubic,125,0.765,6.373,97.232,0.874,75.837,2651.61,4.148,-0.4688,3.523,2.41
MAT_0457,Li,Hexagonal,132,0.384,29.697,100.613,3.017,72.154,1224.3,10.013,-0.0867,0.496,3.845
MAT_0458,Na,Orthorhombic,20,0.68,18.061,57.188,3.338,108.757,2378.39,11.445,-1.7234,4.544,3.632
MAT_0459,Li,Hexagonal,138,0.456,7.729,124.306,1.587,187.309,1815.66,2.927,-0.5096,1.075,2.574
MAT_0460,Li,Orthorhombic,24,0.742,44.853,104.298,2.685,91.879,2683.66,6.725,-2.0602,1.023,3.421
MAT_0461,Li,Triclinic,227,0.279,11.138,24.637,1.674,60.753,1725.09,3.749,-3.2004,0.908,2.513
MAT_0462,K,Orthorhombic,154,0.901,38.458,63.011,3.67,72.391,1697.6,2.131,-2.0093,0.07,3.426
MAT_0463,Mg,Triclinic,37,0.359,20.458,125.229,0.804,195.987,1860.27,4.918,-1.1002,3.859,1.797
MAT_0464,Na,Tetragonal,230,0.431,14.542,16.136,2.497,157.743,2323.15,3.009,0.7403,4.375,2.885
MAT_0465,Al,Tetragonal,213,0.152,25.886,134.984,1.216,93.044,2904.66,8.954,-3.6562,3.071,2.402
MAT_0466,Li,Orthorhombic,54,0.2,49.08,98.291,2.908,144.4,498.62,7.104,-1.463,0.941,3.245
MAT_0467,Li,Orthorhombic,103,0.564,26.565,92.079,1.245,139.689,444.27,3.01,-2.3554,1.426,2.469
MAT_0468,Ca,Triclinic,149,0.341,46.292,45.173,1.43,161.424,2831.39,1.597,-1.4584,2.38,2.057
MAT_0469,Li,Hexagonal,202,0.852,11.902,42.343,2.233,89.642,1730.66,9.986,-3.8801,4.772,3.682
MAT_0470,Al,Triclinic,38,0.113,47.502,132.468,3.536,196.949,1960.24,3.35,-2.4349,1.237,3.067
MAT_0471,Li,Hexagonal,174,0.441,18.031,48.775,1.356,102.593,1602.54,7.865,0.0993,3.658,3.285
MAT_0472,Al,Tetragonal,4,0.404,42.257,110.816,1.147,168.002,552.88,5.038,-1.2303,2.197,2.155
MAT_0473,Li,Cubic,188,0.117,36.118,61.106,3.053,52.741,2373.84,7.648,-1.7471,1.489,3.798
MAT_0474,Ca,Orthorhombic,57,0.212,56.103,28.103,2.252,113.352,2317.51,4.814,-2.5724,2.28,2.746
MAT_0475,Na,Hexagonal,173,0.472,26.303,11.393,3.527,109.791,1141.6,2.413,-2.5098,0.356,3.304
MAT_0476,Al,Triclinic,20,0.544,8.639,80.753,1.155,142.392,1126.85,3.841,-2.0845,3.993,2.611
MAT_0477,Li,Tetragonal,17,0.464,6.054,136.851,2.702,62.365,2562.17,3.475,0.1779,1.217,3.815
MAT_0478,Na,Hexagonal,119,0.578,50.477,57.988,1.422,184.322,495.36,5.994,0.8361,3.627,2.802
MAT_0479,Al,Triclinic,71,0.636,33.86,56.435,1.186,87.023,2678.98,8.412,-1.8067,0.342,2.255
MAT_0480,Na,Orthorhombic,4,0.109,47.638,54.732,2.819,165.096,992.99,4.27,-2.0332,4.775,2.788
MAT_0481,K,Orthorhombic,221,0.518,17.893,77.671,2.54,186.546,1901.06,1.627,0.2328,0.965,2.785
MAT_0482,K,Monoclinic,14,0.967,23.98,67.286,3.04,145.519,2827.18,6.949,-1.8655,4.414,2.819
MAT_0483,Na,Cubic,3,0.567,6.656,124.389,1.659,175.95,2130.93,7.86,-1.2399,4.047,2.621
MAT_0484,K,Monoclinic,216,0.71,57.882,75.718,2.089,162.516,1418.96,11.61,-2.8453,4.839,2.423
MAT_0485,Na,Tetragonal,229,0.381,41.733,76.009,1.957,110.44,2161.74,7.689,-0.2825,2.389,2.919
MAT_0486,Zn,Hexagonal,80,0.797,56.326,27.988,3.751,187.506,1228.75,6.447,-1.3401,3.637,3.699
MAT_0487,Li,Tetragonal,186,0.796,19.602,137.756,1.606,100.099,1048.6,7.521,0.0452,1.854,3.132
MAT_0488,Li,Triclinic,55,0.569,38.63,42.496,1.614,147.106,2991.04,11.243,-0.0963,0.922,2.593
MAT_0489,Zn,Orthorhombic,132,0.978,42.317,19.537,1.799,176.718,2327.13,10.198,-2.925,2.215,2.411
MAT_0490,Ca,Monoclinic,120,0.213,22.465,96.209,2.45,114.423,2040.74,4.891,-0.4218,0.829,2.961
MAT_0491,Na,Monoclinic,24,0.115,51.646,87.398,1.482,101.47,1259.28,3.991,0.0003,4.91,2.935
MAT_0492,K,Monoclinic,162,0.793,57.094,63.969,3.537,128.089,432.73,4.258,-2.2695,0.481,3.075
MAT_0493,Li,Tetragonal,158,0.826,53.667,64.885,1.524,189.054,383.85,6.796,-3.137,2.946,2.255
MAT_0494,Li,Orthorhombic,82,0.208,45.649,112.058,3.477,208.087,1796.29,9.313,-3.9868,3.132,3.288
MAT_0495,Na,Hexagonal,147,0.339,20.261,35.443,1.021,142.664,2357.49,6.784,-1.7455,2.69,2.406
MAT_0496,Li,Triclinic,159,0.116,20.489,116.633,2.735,162.449,1750.92,2.212,-2.2378,3.311,3.249
MAT_0497,Na,Hexagonal,188,0.364,57.985,94.337,3.512,203.557,2570.12,9.098,-1.2255,0.581,3.231
MAT_0498,Li,Tetragonal,60,0.796,5.566,64.466,1.223,66.753,390.25,9.963,-3.0598,2.775,2.526
MAT_0499,Al,Triclinic,147,0.566,44.383,69.544,3.702,89.453,1290.23,4.54,0.2983,1.436,4.044
MAT_0500,Al,Monoclinic,49,0.413,43.844,43.364,2.104,170.513,940.09,8.473,-2.7112,4.701,2.46
MAT_0501,K,Cubic,63,0.435,39.248,107.775,3.632,190.037,1507.64,5.979,-2.8679,3.81,2.982
MAT_0502,Na,Tetragonal,110,0.101,59.456,76.674,2.798,195.695,495.42,10.836,-1.5964,4.863,2.872
MAT_0503,Li,Tetragonal,211,0.37,22.153,51.711,1.635,120.568,2876.16,10.375,-1.5057,0.188,2.766
MAT_0504,Mg,Orthorhombic,150,0.682,23.698,87.487,1.284,65.188,902.79,7.017,-2.9246,1.426,2.683
MAT_0505,K,Hexagonal,152,0.977,9.342,139.445,1.642,124.423,2790.23,8.761,-2.6407,0.977,2.084
MAT_0506,Li,Tetragonal,109,0.862,29.354,66.584,0.988,89.225,1449.91,10.775,-3.1515,0.056,2.25
MAT_0507,Zn,Tetragonal,76,0.121,19.358,129.69,1.146,99.503,2960.92,6.705,-0.4077,1.212,2.767
MAT_0508,Ca,Monoclinic,30,0.909,23.886,54.852,1.024,181.285,1795.96,4.789,-0.1496,3.394,2.269
MAT_0509,Zn,Monoclinic,58,0.805,50.901,17.115,2.011,62.84,2813.25,9.413,-1.6884,1.155,3.294
MAT_0510,Mg,Triclinic,230,0.802,56.452,36.551,3.166,190.689,314.44,3.811,-0.4296,2.545,3.014
MAT_0511,K,Cubic,117,0.512,15.215,64.43,1.138,122.704,2320.24,5.58,-0.3203,4.439,2.401
MAT_0512,Li,Orthorhombic,159,0.458,25.488,38.553,1.104,151.331,2738.24,10.59,-3.3086,3.469,2.595
MAT_0513,Zn,Cubic,100,0.373,56.075,10.03,2.695,65.241,677.25,9.106,0.8309,1.973,3.539
MAT_0514,Ca,Triclinic,192,0.159,8.399,128.95,1.311,107.351,559.54,5.74,0.1052,1.862,2.404
MAT_0515,Li,Monoclinic,19,0.305,10.08,119.704,1.003,65.249,1446.35,3.755,-2.9776,2.279,2.473
MAT_0516,Li,Hexagonal,176,0.322,13.954,106.498,1.217,213.462,2820.93,5.238,-3.0692,0.885,2.098
MAT_0517,Li,Monoclinic,173,0.536,37.737,31.816,3.564,187.234,1764.44,4.483,-3.3717,3.17,3.284
MAT_0518,Mg,Orthorhombic,228,0.773,13.276,25.647,3.247,128.138,1724.13,3.349,-3.3081,1.821,2.998
MAT_0519,Al,Monoclinic,94,0.526,58.244,18.789,1.798,88.012,681.04,9.305,-0.2592,4.262,3.342
MAT_0520,Li,Orthorhombic,183,0.152,29.569,104.124,2.733,208.687,302.13,4.147,-1.6517,3.783,2.9
MAT_0521,Na,Orthorhombic,113,0.962,32.583,130.745,2.366,108.581,2487.38,6.269,-0.0853,3.053,2.908
MAT_0522,Li,Orthorhombic,183,0.948,18.566,65.97,2.799,77.367,536.45,5.552,-0.2687,1.821,3.796
MAT_0523,Al,Triclinic,225,0.807,30.903,25.488,2.816,145.738,2011.39,11.812,-0.9769,1.05,2.995
MAT_0524,Ca,Orthorhombic,146,0.992,41.405,76.611,2.649,210.442,2769.46,5.606,-0.5682,3.881,2.896
MAT_0525,Ca,Orthorhombic,63,0.59,46.315,55.348,1.525,50.651,863.36,2.34,-3.9082,2.432,2.641
MAT_0526,Na,Hexagonal,116,0.966,46.463,58.727,0.821,90.481,2096.24,2.443,-2.4411,1.124,2.492
MAT_0527,Li,Cubic,113,0.168,36.784,90.773,2.112,209.536,512.49,7.703,-0.8109,0.976,3.061
MAT_0528,Li,Tetragonal,220,0.429,54.74,103.433,3.462,79.085,1930.14,7.793,-3.9533,0.827,3.352
MAT_0529,Li,Cubic,47,0.303,49.957,24.378,2.465,69.251,742.62,5.897,-3.8351,3.886,3.352
MAT_0530,Ca,Orthorhombic,203,0.276,46.638,14.627,3.28,146.932,2287.07,6.034,0.2594,1.145,3.553
MAT_0531,Mg,Hexagonal,57,0.227,8.058,139.263,3.774,196.513,1113.32,2.066,-0.5799,2.633,3.164
MAT_0532,Al,Monoclinic,118,0.66,5.378,40.255,1.207,131.109,1551.16,6.924,-2.6732,2.258,2.118
MAT_0533,Al,Hexagonal,45,0.803,16.685,16.998,2.845,219.076,1918.46,6.8,-0.5602,2.898,2.906
MAT_0534,Na,Orthorhombic,161,0.62,41.494,34.684,2.79,165.459,762.44,3.07,-0.0377,4.386,3.351
MAT_0535,Mg,Hexagonal,145,0.232,27.616,15.065,3.738,62.593,2302.42,2.59,-2.466,4.339,4.045
MAT_0536,Zn,Hexagonal,198,0.83,27.132,60.935,3.755,218.781,1117.13,2.798,-3.8198,2.255,3.155
MAT_0537,Ca,Orthorhombic,4,0.672,53.652,114.312,2.829,119.342,2088.4,2.561,0.6639,0.077,3.326
MAT_0538,Li,Triclinic,148,0.449,54.256,54.362,1.455,98.858,727.36,7.902,-2.2741,2.132,2.599
MAT_0539,Na,Hexagonal,47,0.707,55.005,67.744,3.176,144.839,2157.92,3.563,-3.4676,3.031,3.126
MAT_0540,Li,Tetragonal,219,0.334,22.263,97.826,1.032,101.732,646.11,4.14,-1.5407,2.789,2.561
MAT_0541,Zn,Tetragonal,143,0.411,43.008,76.156,3.12,64.698,1448.46,3.323,-0.1577,3.257,3.847
MAT_0542,K,Hexagonal,198,0.926,19.94,121.988,3.522,50.243,967.46,11.557,-2.8918,0.77,3.292
MAT_0543,Li,Triclinic,47,0.361,15.484,122.585,1.887,126.429,2320.61,10.473,-2.6525,3.233,2.56
MAT_0544,K,Monoclinic,78,0.523,15.155,11.288,2.655,192.267,1007.49,3.92,-2.7864,0.913,2.332
MAT_0545,K,Orthorhombic,124,0.901,23.816,111.146,2.033,147.294,2680.64,4.939,0.9584,3.753,2.859
MAT_0546,Li,Tetragonal,75,0.737,28.648,69.895,2.057,219.865,2707.91,3.704,-3.013,1.695,2.245
MAT_0547,Li,Monoclinic,103,0.156,50.702,138.549,1.662,98.764,830.39,6.665,-1.1224,3.549,3.033
MAT_0548,K,Hexagonal,137,0.233,11.594,72.82,3.063,97.677,1957.38,1.706,0.6263,0.239,3.336
MAT_0549,Na,Monoclinic,90,0.107,45.421,138.296,3.602,77.157,536.84,8.549,-3.2655,2.039,3.188
MAT_0550,Mg,Cubic,144,0.668,34.23,108.094,3.616,77.891,1357.15,6.993,0.8543,3.525,4.146
MAT_0551,Na,Tetragonal,69,0.503,20.837,42.319,1.242,98.482,2225.97,10.936,0.7374,1.134,2.567
MAT_0552,Ca,Hexagonal,61,0.221,32.105,79.991,3.412,184.783,2080.44,3.226,0.4229,3.976,3.478
MAT_0553,Na,Orthorhombic,138,0.962,21.497,138.978,2.986,203.979,1986.69,9.943,-2.9272,3.154,2.783
MAT_0554,Na,Triclinic,50,0.577,37.785,121.479,1.484,215.765,1062.86,9.816,-0.8297,2.938,2.047
MAT_0555,Ca,Hexagonal,3,0.318,28.861,22.658,0.909,89.489,1320.67,2.835,-0.1955,1.768,2.515
MAT_0556,Li,Orthorhombic,205,0.551,14.042,101.828,1.531,199.821,577.95,5.685,0.9301,2.412,3.047
MAT_0557,Li,Triclinic,107,0.712,11.412,54.925,3.528,105.803,2241.36,3.287,-3.0979,2.987,3.556
MAT_0558,Li,Triclinic,113,0.169,35.068,10.908,2.663,69.183,1660.5,4.175,-0.1699,2.362,3.228
MAT_0559,Mg,Hexagonal,94,0.347,54.633,62.453,2.935,197.904,2213.67,4.264,-2.306,3.492,3.244
MAT_0560,K,Monoclinic,118,0.826,23.918,40.518,1.497,158.138,972.15,7.34,-3.1219,2.168,2.041
MAT_0561,K,Monoclinic,198,0.514,45.315,116.453,2.93,78.004,1175.98,5.82,-1.8931,1.011,3.083
MAT_0562,Li,Triclinic,81,0.592,41.226,53.853,0.787,123.071,1202.38,11.451,-0.0308,1.07,2.647
MAT_0563,Li,Monoclinic,109,0.49,56.236,117.578,1.863,98.834,369.5,2.827,-1.6758,0.029,2.885
MAT_0564,Li,Cubic,51,0.14,50.154,10.078,2.643,175.255,1220.83,11.724,-1.3124,1.505,3.199
MAT_0565,Li,Triclinic,147,0.249,36.163,50.016,1.153,127.081,2468.92,3.922,0.9758,3.745,2.726
MAT_0566,Na,Triclinic,170,0.501,41.137,41.351,3.251,218.178,2722.71,9.615,-2.0045,3.971,2.961
MAT_0567,Li,Orthorhombic,35,0.288,54.411,40.364,1.429,59.307,1699.19,5.059,-0.923,1.012,3.138
MAT_0568,Li,Monoclinic,46,0.145,26.974,18.864,2.722,110.353,1529.85,3.002,-2.1738,4.795,3.03
MAT_0569,Zn,Triclinic,154,0.859,22.974,34.326,1.956,131.923,383.23,10.508,-2.0361,2.512,2.789
MAT_0570,Li,Cubic,69,0.983,5.595,82.221,2.548,135.533,2673.85,4.743,-0.5218,4.585,3.435
MAT_0571,Na,Orthorhombic,93,0.814,50.46,47.877,1.033,103.709,335.13,8.418,0.6894,3.534,2.756
MAT_0572,Mg,Hexagonal,64,0.868,49.054,64.261,0.752,173.971,2850.83,7.448,-1.2882,3.612,2.286
MAT_0573,Li,Triclinic,165,0.318,10.745,58.993,3.52,198.707,1620.88,6.453,-0.158,0.425,3.292
MAT_0574,K,Cubic,212,0.965,36.727,123.868,1.536,209.582,1223.22,6.706,-3.554,1.1,1.828
MAT_0575,Ca,Tetragonal,49,0.277,30.519,127.689,3.241,186.866,2795.39,9.188,-2.9442,0.044,2.553
MAT_0576,Zn,Cubic,149,0.956,11.529,74.084,3.798,194.599,365.86,2.422,-1.4893,3.581,3.154
MAT_0577,Li,Cubic,74,0.995,58.931,52.92,1.355,143.593,1869.85,8.516,-3.8999,1.722,2.207
MAT_0578,Zn,Orthorhombic,192,0.741,16.808,23.884,1.522,190.401,1782.12,10.906,-2.7357,3.933,2.391
MAT_0579,Na,Hexagonal,5,0.983,8.698,133.942,2.755,101.596,892.17,2.107,-1.413,1.695,3.314
MAT_0580,Li,Tetragonal,100,0.613,37.717,17.83,3.693,117.741,1458.0,2.977,-3.9252,4.097,3.742
MAT_0581,Na,Monoclinic,70,0.334,45.638,48.695,3.539,103.875,2061.11,9.025,-2.6773,0.653,3.24
MAT_0582,Al,Monoclinic,90,0.493,6.784,48.749,2.259,129.456,2263.25,6.091,-1.4298,0.867,2.994
MAT_0583,Na,Cubic,4,0.634,41.229,51.652,3.165,98.549,301.94,5.737,-1.1343,1.704,3.321
MAT_0584,Li,Orthorhombic,126,0.166,34.276,31.357,1.121,213.474,2829.5,2.938,0.6288,2.042,2.472
MAT_0585,K,Orthorhombic,39,0.66,10.68,111.811,3.73,103.184,744.22,6.821,-0.7733,1.744,3.58
MAT_0586,Li,Monoclinic,163,0.983,14.489,25.925,3.689,66.668,930.67,2.829,-1.9263,3.818,3.929
MAT_0587,Li,Tetragonal,129,0.271,36.239,92.538,1.208,139.559,1011.38,6.505,0.6518,0.485,2.707
MAT_0588,Li,Hexagonal,24,0.813,21.3,26.1,1.628,59.707,402.11,9.518,-0.0756,1.756,3.245
MAT_0589,Li,Tetragonal,57,0.917,56.607,19.17,1.01,68.792,632.24,4.212,-3.0,4.186,2.383
MAT_0590,Li,Triclinic,100,0.949,50.031,128.226,1.542,87.296,2963.14,6.548,-3.3458,0.334,2.693
MAT_0591,Li,Triclinic,70,0.964,59.096,34.717,3.229,128.94,1151.09,11.916,-0.6209,4.712,3.725
MAT_0592,K,Hexagonal,41,0.569,19.282,116.763,1.873,123.653,611.31,8.71,-1.2006,4.932,2.637
MAT_0593,Li,Monoclinic,182,0.98,58.335,80.802,0.974,185.948,588.88,10.334,-0.0516,0.443,2.448
MAT_0594,Li,Hexagonal,174,0.782,28.718,20.121,1.761,175.711,2242.54,5.856,-0.306,1.456,2.929
MAT_0595,Ca,Orthorhombic,60,0.246,24.114,134.208,3.742,122.474,2607.34,9.563,-0.8739,1.862,3.814
MAT_0596,Na,Triclinic,108,0.529,7.769,42.105,2.652,106.73,993.77,1.925,0.9319,3.882,3.101
MAT_0597,K,Cubic,188,0.746,7.902,121.754,1.99,103.8,356.46,2.791,-1.3321,2.98,2.697
MAT_0598,Li,Cubic,57,0.323,43.061,31.945,1.216,181.579,902.34,3.632,-3.4345,3.222,2.194
MAT_0599,Li,Monoclinic,31,0.677,30.186,121.013,3.757,58.852,452.59,5.72,0.1414,3.788,4.269
MAT_0600,Li,Orthorhombic,84,0.7,17.459,11.72,3.245,52.18,579.17,10.38,-2.7407,0.59,4.023
MAT_0601,Li,Tetragonal,152,0.246,38.768,76.531,1.573,185.243,1465.07,5.136,-0.1135,4.166,2.726
MAT_0602,Li,Orthorhombic,217,0.609,18.907,110.028,0.917,131.115,920.78,8.374,0.7855,3.528,3.021
MAT_0603,Li,Cubic,36,0.794,36.77,131.523,0.876,72.25,1693.05,8.948,-0.516,2.887,2.867
MAT_0604,Li,Cubic,213,0.549,24.756,128.196,1.073,90.046,984.43,7.655,-1.0198,4.449,3.07
MAT_0605,Li,Triclinic,158,0.111,50.295,116.551,2.5,208.526,2839.45,5.251,-1.6981,3.502,2.887
MAT_0606,Na,Orthorhombic,152,0.108,50.138,125.465,3.579,196.116,2746.05,7.559,-2.178,1.008,3.044
MAT_0607,Li,Orthorhombic,108,0.421,31.254,35.899,2.24,170.663,1830.38,5.094,-2.235,2.149,2.832
MAT_0608,Li,Cubic,106,0.934,24.295,46.944,3.313,131.978,1256.94,2.381,-0.8181,2.47,3.801
MAT_0609,Na,Tetragonal,158,0.306,24.941,47.566,2.082,138.455,1329.1,11.924,-0.2436,0.276,2.669
MAT_0610,K,Monoclinic,86,0.671,49.314,59.017,2.897,215.792,1412.0,2.835,-0.6074,4.773,2.749
MAT_0611,Li,Monoclinic,220,0.3,23.05,61.132,2.969,214.181,2264.46,2.26,-3.0079,0.643,2.698
MAT_0612,Mg,Orthorhombic,135,0.39,16.498,80.792,1.239,86.596,1519.43,10.725,-1.5301,3.487,2.88
MAT_0613,K,Monoclinic,163,0.863,9.658,30.784,1.82,187.888,2613.17,4.669,-0.0418,2.531,2.328
MAT_0614,Li,Cubic,183,0.756,30.668,99.862,2.676,83.531,2849.06,8.328,-1.6215,0.128,3.315
MAT_0615,Ca,Cubic,220,0.186,31.517,31.784,0.919,86.301,1207.05,4.955,-1.3169,4.624,2.663
MAT_0616,Zn,Orthorhombic,14,0.486,51.25,50.34,1.821,164.936,1813.88,5.61,-0.1443,4.259,2.902
MAT_0617,Li,Orthorhombic,120,0.126,17.168,75.435,2.358,118.85,556.65,4.252,-0.6937,2.621,3.332
MAT_0618,Li,Triclinic,138,0.533,25.955,113.537,3.788,208.363,841.27,5.102,-1.9533,1.145,3.339
MAT_0619,Mg,Orthorhombic,80,0.696,49.462,106.131,2.171,65.132,1416.36,5.812,0.4771,0.608,3.197
MAT_0620,Mg,Tetragonal,144,0.207,50.299,93.919,3.23,136.959,856.75,9.064,-3.1872,1.817,3.521
MAT_0621,Li,Monoclinic,182,0.36,26.154,30.251,2.039,206.149,2666.71,6.871,0.9776,1.277,2.882
MAT_0622,Li,Orthorhombic,223,0.458,30.252,81.116,3.169,203.699,727.37,11.407,-3.4057,2.533,2.712
MAT_0623,Li,Hexagonal,106,0.928,21.681,21.368,2.546,76.61,1530.28,1.94,-3.9253,4.832,3.603
MAT_0624,Na,Triclinic,217,0.994,56.291,59.057,3.448,112.328,1935.39,6.782,0.4501,2.875,3.487
MAT_0625,K,Hexagonal,205,0.14,11.525,63.757,1.974,155.251,2168.03,7.634,-2.7752,4.45,2.617
MAT_0626,Li,Cubic,70,0.785,56.356,15.175,2.573,77.097,1334.29,11.162,-0.3515,3.254,3.69
MAT_0627,Na,Monoclinic,44,0.435,42.613,45.618,2.653,214.564,2646.57,2.016,0.0551,2.376,2.516
MAT_0628,Mg,Orthorhombic,73,0.453,34.236,134.234,1.994,205.507,1834.46,7.522,0.2949,4.273,2.972
MAT_0629,Li,Hexagonal,45,0.779,6.796,133.972,1.147,78.382,1486.67,10.463,0.958,2.357,3.284
MAT_0630,Li,Monoclinic,228,0.927,31.158,55.803,0.99,70.596,481.55,4.04,-2.5298,4.343,2.871
MAT_0631,K,Cubic,184,0.956,27.426,15.603,0.752,64.519,1554.66,10.701,-0.4488,1.458,2.491
MAT_0632,Ca,Tetragonal,107,0.619,13.867,33.282,3.408,204.605,2515.99,1.7,-3.423,0.644,2.5
MAT_0633,Na,Triclinic,84,0.421,41.103,60.988,1.433,82.916,1959.26,9.191,-1.966,4.277,2.72
MAT_0634,Na,Monoclinic,82,0.809,58.413,133.211,1.356,120.768,2546.84,11.298,0.2399,2.937,2.584
MAT_0635,Li,Monoclinic,107,0.326,35.92,28.356,2.982,126.305,1633.83,8.401,-2.1617,4.445,3.646
MAT_0636,Li,Tetragonal,185,0.608,44.311,109.257,1.692,151.832,619.85,6.11,-1.0445,4.689,2.804
MAT_0637,Na,Monoclinic,21,0.423,8.765,24.129,2.269,62.195,336.83,1.971,-1.4811,0.268,2.948
MAT_0638,Li,Cubic,196,0.691,27.972,137.563,1.204,88.549,1118.69,11.161,-0.7702,2.505,2.778
MAT_0639,Li,Cubic,178,0.316,11.4,59.61,3.675,208.353,2184.57,6.438,0.8645,1.875,3.616
MAT_0640,Li,Tetragonal,161,0.272,38.704,110.78,3.34,204.43,2433.7,1.804,-3.7213,3.129,2.867
MAT_0641,Li,Triclinic,219,0.926,56.617,54.537,3.378,182.819,1098.53,8.743,-1.1302,3.968,3.608
MAT_0642,Li,Orthorhombic,7,0.192,41.398,91.597,1.961,53.298,1638.27,6.559,0.3151,1.403,3.275
MAT_0643,Li,Hexagonal,70,0.555,9.224,34.962,3.063,105.591,1437.02,2.806,-1.5931,2.784,3.838
MAT_0644,Li,Orthorhombic,127,0.299,24.507,28.983,1.146,156.753,1408.41,3.75,-3.6074,3.544,2.485
MAT_0645,Li,Monoclinic,143,0.135,35.286,131.948,0.727,96.782,924.64,2.177,-1.1973,0.672,2.675
MAT_0646,Ca,Hexagonal,210,0.132,27.176,129.294,0.762,204.63,668.2,7.53,-2.3396,4.07,1.884
MAT_0647,Na,Tetragonal,160,0.258,50.85,125.371,2.518,157.761,831.06,8.031,-3.2253,3.031,2.442
MAT_0648,K,Tetragonal,203,0.88,49.807,91.306,2.112,62.224,449.4,6.81,0.2452,4.748,3.113
MAT_0649,Mg,Triclinic,148,0.354,38.651,115.075,2.306,204.531,834.95,10.08,-1.392,1.698,2.689
MAT_0650,Na,Hexagonal,216,0.955,25.54,18.975,0.723,212.82,324.84,10.541,0.6664,0.541,2.212
MAT_0651,Li,Cubic,143,0.623,19.044,53.523,2.01,63.211,1993.6,7.964,0.0301,2.533,3.547
MAT_0652,Na,Hexagonal,176,0.493,10.823,50.781,2.926,140.501,1154.21,1.634,-0.5351,0.429,3.539
MAT_0653,Na,Monoclinic,199,0.622,24.519,92.634,2.072,101.572,2927.49,8.8,-3.9749,4.848,2.699
MAT_0654,Mg,Cubic,149,0.565,27.724,56.275,2.97,116.783,823.04,5.889,-1.8609,0.193,3.333
MAT_0655,Li,Tetragonal,170,0.783,42.17,29.306,1.422,80.541,1233.74,7.438,-3.0126,3.768,2.45
MAT_0656,Li,Hexagonal,154,0.354,41.199,87.541,3.221,148.272,1266.17,8.315,0.554,2.626,3.689
MAT_0657,Li,Orthorhombic,120,0.418,8.856,115.87,2.524,212.856,322.82,5.177,-3.1271,1.843,2.675
MAT_0658,Li,Triclinic,128,0.905,26.739,59.676,1.353,135.522,2565.86,11.13,-2.5697,0.329,2.035
MAT_0659,K,Orthorhombic,142,0.952,14.998,27.195,1.434,64.095,386.39,2.907,-1.4158,3.111,2.489
MAT_0660,Na,Triclinic,57,0.903,13.625,35.569,2.647,155.4,2838.49,8.551,-2.6832,2.926,2.659
MAT_0661,Li,Monoclinic,165,0.478,50.502,40.873,3.273,107.838,2708.6,1.546,-2.9507,1.404,3.349
MAT_0662,Al,Orthorhombic,58,0.802,7.305,48.987,1.988,195.507,1745.91,11.209,-1.0045,4.551,2.884
MAT_0663,K,Hexagonal,21,0.529,28.055,93.563,1.501,123.895,1767.71,2.681,-3.5554,1.521,2.154
MAT_0664,Li,Hexagonal,82,0.548,14.251,88.123,3.388,82.783,2065.2,2.496,-3.7092,2.249,3.704
MAT_0665,Li,Orthorhombic,69,0.284,53.363,100.49,2.775,82.488,1345.04,4.997,-2.1388,2.719,3.441
MAT_0666,Li,Hexagonal,131,0.632,35.637,57.125,2.089,180.69,2047.5,5.422,-0.3967,0.501,3.043
MAT_0667,Li,Monoclinic,87,0.268,17.726,117.12,2.212,95.15,420.87,3.75,-1.226,4.661,3.31
MAT_0668,Li,Cubic,218,0.398,32.634,36.531,1.333,180.43,445.93,7.644,-1.8856,1.873,2.705
MAT_0669,Li,Monoclinic,165,0.87,45.232,70.975,2.643,85.001,1534.52,6.151,-1.1712,0.404,3.298
MAT_0670,Li,Triclinic,216,0.286,57.696,114.122,1.812,104.687,1783.98,1.859,-2.1727,1.936,2.793
MAT_0671,Li,Monoclinic,49,0.164,17.125,33.421,3.787,129.133,2697.11,4.856,0.6807,3.001,4.129
MAT_0672,Ca,Triclinic,147,0.162,53.74,24.282,2.189,210.343,582.58,10.01,-3.7255,2.568,1.777
MAT_0673,Li,Hexagonal,115,0.947,56.387,124.879,2.206,208.394,2521.15,8.742,-0.633,3.473,3.423
MAT_0674,Na,Cubic,89,0.556,55.403,54.581,2.454,85.168,867.13,9.111,0.4564,0.277,3.533
MAT_0675,Li,Hexagonal,85,0.468,39.948,98.903,3.542,110.897,1364.03,8.83,0.0194,1.423,3.725
MAT_0676,Al,Tetragonal,128,0.83,39.64,13.295,3.183,75.398,1154.83,4.765,-3.0798,4.096,3.517
MAT_0677,Li,Hexagonal,140,0.852,27.177,99.706,2.099,136.697,1380.42,2.546,-2.5204,0.399,2.874
MAT_0678,Li,Triclinic,189,0.399,46.382,51.093,2.928,128.299,706.34,4.361,-0.4148,4.277,3.393
MAT_0679,Al,Hexagonal,169,0.724,34.221,17.246,2.517,203.129,1659.64,10.234,-3.5786,0.459,2.675
MAT_0680,Ca,Hexagonal,161,0.794,42.259,89.276,2.226,208.101,2464.43,11.795,0.0593,4.172,3.054
MAT_0681,Mg,Cubic,178,0.689,28.565,41.304,1.296,115.206,1492.14,6.685,-0.4055,1.804,2.699
MAT_0682,Li,Hexagonal,117,0.236,45.232,60.285,2.138,133.595,1624.66,1.602,-0.352,3.061,3.215
MAT_0683,Li,Cubic,196,0.888,50.346,20.476,1.462,202.36,2591.67,2.97,-3.4988,0.764,2.29
MAT_0684,K,Orthorhombic,127,0.585,13.054,29.131,3.536,187.14,2206.36,4.882,-0.4112,0.331,3.253
MAT_0685,Zn,Tetragonal,71,0.354,50.811,48.737,1.74,50.622,1624.23,7.575,-0.6009,1.08,2.838
MAT_0686,Na,Cubic,86,0.483,34.716,21.669,3.652,104.41,995.78,2.288,0.1546,0.639,4.062
MAT_0687,Na,Triclinic,33,0.134,51.457,128.407,2.352,121.702,2689.3,11.405,-3.792,1.562,2.358
MAT_0688,Li,Orthorhombic,81,0.215,28.722,10.786,2.658,89.052,1857.96,5.333,-3.8844,2.572,3.392
MAT_0689,Mg,Cubic,152,0.789,25.847,72.902,2.383,83.927,897.1,11.082,-2.135,2.944,3.313
MAT_0690,Li,Cubic,61,0.1,55.328,26.022,1.101,56.423,1026.62,9.695,-3.2561,3.949,2.815
MAT_0691,Li,Tetragonal,61,0.475,18.814,49.998,1.865,159.373,2468.46,9.432,-1.2081,3.281,2.731
MAT_0692,Li,Triclinic,98,0.57,51.432,130.388,1.007,94.627,419.19,7.871,0.5867,3.044,2.522
MAT_0693,Na,Monoclinic,28,0.149,31.621,31.02,2.631,58.899,2978.65,8.081,-2.0426,2.059,3.123
MAT_0694,Li,Monoclinic,186,0.976,33.275,135.558,2.085,89.266,651.95,8.199,0.2248,2.369,3.354
MAT_0695,Li,Cubic,43,0.304,21.966,36.753,3.112,186.325,2449.39,8.102,-3.9988,2.073,2.789
MAT_0696,K,Hexagonal,169,0.374,36.517,106.404,1.383,194.753,1365.89,7.314,-3.1574,4.211,2.136
MAT_0697,Li,Triclinic,167,0.374,22.887,81.068,1.21,132.121,1628.98,11.857,-3.8479,1.15,2.159
MAT_0698,Na,Orthorhombic,86,0.307,7.16,124.982,1.96,120.732,2677.76,9.189,-2.3593,0.029,2.496
MAT_0699,Li,Hexagonal,177,0.101,19.96,82.019,3.572,216.235,1414.86,9.658,0.5409,3.257,3.818
MAT_0700,Na,Hexagonal,17,0.756,5.351,79.493,2.902,84.096,1751.23,10.661,-3.5152,1.012,3.299
MAT_0701,Na,Triclinic,98,0.97,58.81,35.41,1.999,86.611,433.11,3.764,-0.968,4.451,2.819
MAT_0702,Li,Cubic,198,0.302,58.116,31.61,2.304,99.617,306.34,2.38,-1.7425,4.295,3.504
MAT_0703,Li,Cubic,198,0.697,26.734,129.144,0.961,79.369,960.96,6.57,0.6923,0.384,3.369
MAT_0704,Li,Cubic,98,0.768,45.06,52.619,3.752,114.492,2137.57,6.898,-3.3874,0.532,3.405
MAT_0705,Li,Cubic,65,0.864,24.019,58.371,2.766,204.842,627.42,10.206,-2.9399,2.476,2.883
MAT_0706,Al,Monoclinic,74,0.48,41.91,108.777,1.585,154.609,607.16,6.16,-3.8523,3.046,2.273
MAT_0707,Li,Cubic,85,0.373,49.299,54.047,2.516,120.031,1409.59,7.494,-1.8303,1.375,3.614
MAT_0708,Mg,Monoclinic,5,0.393,57.072,133.768,1.039,208.85,2049.16,7.034,-2.6108,3.584,1.826
MAT_0709,Li,Monoclinic,2,0.741,27.012,105.931,3.694,58.239,2222.59,1.901,0.3495,2.975,4.051
MAT_0710,K,Cubic,22,0.835,48.081,87.666,1.242,85.747,781.82,7.96,-0.9753,1.624,2.294
MAT_0711,Mg,Tetragonal,112,0.263,19.626,124.516,2.709,146.201,514.89,10.194,-0.9295,0.127,3.317
MAT_0712,Na,Orthorhombic,57,0.434,59.468,16.449,1.461,154.644,2839.07,3.154,-1.3404,3.751,2.398
MAT_0713,Na,Hexagonal,66,0.912,6.417,43.418,2.924,56.725,1003.8,7.74,-3.5407,1.074,3.166
MAT_0714,Li,Monoclinic,74,0.826,38.194,70.455,3.108,118.517,2604.04,7.733,-1.7749,4.172,3.544
MAT_0715,Li,Triclinic,98,0.986,41.273,39.507,2.788,160.356,2631.43,3.224,0.9975,2.101,3.48
MAT_0716,Zn,Triclinic,144,0.779,42.843,106.708,2.605,168.672,2385.81,2.796,0.1761,2.885,3.21
MAT_0717,Ca,Orthorhombic,112,0.454,11.621,129.497,3.467,158.484,755.85,11.791,0.4673,4.365,3.616
MAT_0718,Al,Triclinic,179,0.632,56.619,65.09,0.944,104.496,2518.86,5.634,0.1161,4.318,2.646
MAT_0719,Li,Tetragonal,125,0.695,14.965,54.477,1.726,65.898,2376.98,3.888,-3.4848,1.858,2.837
MAT_0720,Mg,Triclinic,167,0.171,39.251,135.002,1.47,122.609,1911.15,3.299,-2.8628,1.044,2.088
MAT_0721,Zn,Hexagonal,86,0.59,17.247,67.831,3.763,71.888,1210.45,8.51,-3.9844,3.876,3.655
MAT_0722,Li,Hexagonal,76,0.738,21.897,73.576,1.907,211.096,1008.77,7.899,-2.4824,2.165,2.651
MAT_0723,Li,Monoclinic,88,0.251,35.055,55.714,2.971,130.779,629.1,8.257,-3.457,0.96,2.968
MAT_0724,Mg,Cubic,168,0.803,27.946,128.241,2.823,103.934,1676.34,2.424,-1.636,4.522,3.177
MAT_0725,Na,Tetragonal,38,0.625,13.812,83.964,1.357,180.272,1880.2,10.882,-0.6144,0.991,2.091
MAT_0726,Ca,Monoclinic,188,0.957,14.402,109.083,1.441,134.651,1270.22,5.587,0.3725,0.129,2.528
MAT_0727,Li,Tetragonal,59,0.138,27.998,115.535,1.572,102.706,1583.47,4.79,-0.2539,0.101,3.098
MAT_0728,Mg,Cubic,138,0.339,46.651,54.44,1.974,188.035,1281.49,6.355,0.6929,3.112,3.243
MAT_0729,Li,Triclinic,99,0.641,54.388,66.38,1.426,197.416,2030.72,5.596,-3.7305,3.308,2.072
MAT_0730,Li,Triclinic,192,0.367,9.627,120.301,0.761,164.411,2733.4,10.568,-3.9391,1.555,1.709
MAT_0731,Li,Cubic,63,0.743,26.621,57.223,3.426,57.984,742.58,11.257,-0.6933,1.6,3.967
MAT_0732,Mg,Monoclinic,49,0.783,10.514,113.212,3.693,146.275,1329.8,4.686,-2.5532,1.697,3.196
MAT_0733,K,Cubic,192,0.192,5.913,132.329,1.759,179.76,680.35,10.571,-2.7325,3.401,2.254
MAT_0734,Na,Orthorhombic,32,0.562,41.395,91.017,1.749,73.206,1987.35,9.706,-2.3456,0.291,3.151
MAT_0735,Li,Hexagonal,135,0.558,38.135,106.412,0.722,88.874,2267.95,11.273,-2.651,4.646,2.511
MAT_0736,Ca,Monoclinic,21,0.432,13.966,114.663,2.809,200.024,2816.16,4.08,-1.4428,1.113,2.444
MAT_0737,Li,Tetragonal,20,0.94,17.86,119.855,3.259,53.421,1052.95,7.558,-1.7993,4.998,4.093
MAT_0738,Mg,Orthorhombic,154,0.845,6.304,61.357,1.154,177.964,2865.57,4.383,-1.4379,0.858,2.435
MAT_0739,Li,Monoclinic,127,0.727,50.922,16.664,1.195,130.541,470.81,10.153,-0.6364,3.858,2.773
MAT_0740,Li,Cubic,68,0.743,58.608,62.244,3.149,125.951,1928.14,1.556,-2.0643,1.117,3.744
MAT_0741,Na,Cubic,110,0.516,12.45,97.588,2.611,51.206,454.26,7.431,-2.7435,0.404,2.898
MAT_0742,Li,Cubic,116,0.929,17.731,68.546,0.839,189.298,2713.19,5.062,-3.169,4.375,1.895
MAT_0743,Mg,Cubic,214,0.725,52.763,107.365,2.63,111.17,1730.48,4.888,-2.2526,4.294,3.226
MAT_0744,Na,Tetragonal,143,0.756,55.956,56.408,1.658,141.93,2107.24,8.272,-0.291,2.018,2.676
MAT_0745,Li,Orthorhombic,120,0.876,28.08,92.517,1.843,165.141,2545.25,10.441,-0.2165,3.512,3.004
MAT_0746,Ca,Triclinic,213,0.347,7.784,34.235,3.086,169.447,705.84,7.897,-0.6655,2.785,3.435
MAT_0747,Li,Hexagonal,79,0.826,7.167,107.418,3.214,212.517,404.2,10.458,-2.8299,4.265,3.195
MAT_0748,Na,Tetragonal,214,0.276,36.567,80.94,1.941,140.328,2672.98,4.278,-1.0596,1.575,2.555
MAT_0749,Zn,Tetragonal,116,0.411,26.609,36.528,3.636,117.952,1150.32,6.955,-1.1466,2.618,3.611
MAT_0750,K,Triclinic,92,0.402,6.576,47.948,1.96,212.13,648.24,6.231,-1.5787,2.427,2.224
MAT_0751,Li,Triclinic,14,0.981,37.079,107.319,3.093,159.159,1564.85,1.622,-1.2501,1.77,3.156
MAT_0752,Zn,Hexagonal,155,0.871,5.622,72.738,2.2,100.686,1915.43,7.347,-1.541,4.457,3.179
MAT_0753,K,Hexagonal,125,0.731,48.305,38.084,3.482,71.499,383.62,8.446,-1.1727,0.829,3.753
MAT_0754,Li,Triclinic,168,0.754,21.854,135.745,3.514,193.234,1042.22,7.715,-0.4225,0.748,3.58
MAT_0755,Li,Cubic,58,0.606,7.214,102.966,0.971,111.571,388.56,9.231,-3.4519,2.885,2.451
MAT_0756,Mg,Tetragonal,28,0.952,37.359,134.428,3.603,162.28,1434.91,7.499,-0.2519,3.287,4.102
MAT_0757,K,Monoclinic,26,0.547,26.873,65.524,3.259,130.039,2716.77,2.201,-3.3206,0.973,3.127
MAT_0758,Na,Hexagonal,113,0.442,58.559,71.763,3.153,83.818,2953.16,2.723,-3.6669,1.954,3.034
MAT_0759,Ca,Hexagonal,191,0.247,34.931,126.734,1.323,152.287,2020.03,7.763,0.8804,4.733,2.449
MAT_0760,Mg,Triclinic,66,0.808,20.138,78.256,3.196,60.316,736.42,4.387,0.785,1.233,3.986
MAT_0761,Li,Orthorhombic,153,0.761,44.019,101.946,3.335,120.268,2745.79,2.336,-3.6978,3.342,3.733
MAT_0762,Li,Monoclinic,131,0.446,19.932,42.782,1.596,142.925,1693.87,6.011,-1.7837,3.701,2.639
MAT_0763,Li,Monoclinic,200,0.123,54.733,68.074,3.652,124.128,715.12,7.32,-3.0688,2.241,3.365
MAT_0764,Mg,Hexagonal,44,0.855,25.61,26.048,0.855,177.274,2788.66,4.952,-1.5733,4.688,2.248
MAT_0765,Li,Cubic,97,0.11,35.243,36.777,1.165,190.747,2345.17,9.065,0.1509,3.683,2.388
MAT_0766,Na,Orthorhombic,42,0.733,7.782,10.123,2.367,181.111,2275.6,8.26,0.7531,2.29,3.263
MAT_0767,Mg,Monoclinic,227,0.973,28.437,15.104,2.485,56.598,2214.79,4.995,-0.8287,2.847,3.387
MAT_0768,Ca,Hexagonal,6,0.494,50.78,137.047,2.7,83.002,840.92,9.426,-2.2305,3.463,3.313
MAT_0769,Li,Monoclinic,167,0.311,49.311,41.506,0.753,141.223,869.72,8.311,-0.9834,2.961,2.041
MAT_0770,Ca,Orthorhombic,180,0.734,17.338,96.23,3.677,208.92,2158.39,8.193,-2.44,4.393,3.347
MAT_0771,Li,Orthorhombic,23,0.835,17.434,119.083,0.838,191.943,893.25,7.311,0.5491,1.784,2.651
MAT_0772,Ca,Tetragonal,89,0.592,49.952,81.586,1.143,193.231,1484.41,1.62,0.352,1.499,1.984
MAT_0773,Li,Triclinic,123,0.97,56.172,29.909,0.743,101.545,2411.4,8.813,-1.2088,1.069,2.489
MAT_0774,Li,Triclinic,178,0.147,10.245,104.655,2.457,123.006,2416.67,5.448,-2.376,0.189,2.897
MAT_0775,Mg,Hexagonal,171,0.554,29.753,88.033,3.59,130.02,1523.81,11.397,-2.5331,0.215,3.461
MAT_0776,Li,Orthorhombic,147,0.747,23.56,105.063,2.764,76.753,2438.91,10.089,-3.8329,4.35,2.895
MAT_0777,Li,Tetragonal,197,0.876,52.888,110.067,3.25,55.282,2564.28,7.671,0.0791,3.392,3.954
MAT_0778,Mg,Tetragonal,51,0.261,9.594,136.803,0.741,210.973,2067.89,4.148,-1.7481,3.303,2.004
MAT_0779,Mg,Monoclinic,11,0.82,16.612,84.563,2.38,90.921,916.75,3.639,-2.3743,3.073,2.981
MAT_0780,K,Monoclinic,12,0.597,46.386,54.413,2.125,90.791,1039.83,5.074,-1.6444,4.246,2.681
MAT_0781,K,Tetragonal,74,0.457,7.821,94.3,2.247,64.174,1150.07,6.504,0.0937,2.401,3.344
MAT_0782,Na,Monoclinic,8,0.219,32.089,18.897,0.924,207.846,615.37,4.609,-3.3769,4.352,1.663
MAT_0783,Li,Orthorhombic,152,0.879,29.316,126.662,2.822,148.555,1037.53,6.907,0.2883,1.797,3.207
MAT_0784,Li,Cubic,220,0.242,23.392,25.52,2.26,163.396,865.7,3.236,0.4875,4.634,3.247
MAT_0785,Li,Orthorhombic,41,0.379,26.701,52.62,3.072,204.968,1529.39,11.766,0.7335,3.493,3.554
MAT_0786,Zn,Tetragonal,164,0.361,34.147,116.047,2.204,108.755,2752.78,2.633,-2.0126,1.286,2.684
MAT_0787,Na,Tetragonal,229,0.884,13.875,87.651,1.163,155.656,582.1,11.285,-2.9143,2.82,2.239
MAT_0788,Li,Orthorhombic,85,0.705,36.46,61.173,2.71,56.596,2244.72,11.093,-2.1318,2.665,3.36
MAT_0789,Na,Monoclinic,72,0.817,49.299,71.547,1.234,81.751,2155.66,7.016,-2.3354,0.689,2.359
MAT_0790,Zn,Monoclinic,55,0.325,46.809,121.091,3.404,191.312,558.54,9.112,-3.1192,2.956,2.642
MAT_0791,Li,Triclinic,137,0.662,13.464,54.201,2.601,180.351,2790.95,6.079,-0.9637,1.574,2.93
MAT_0792,Na,Tetragonal,47,0.615,13.209,123.054,1.187,109.609,1834.87,8.115,-1.6169,0.262,2.486
MAT_0793,Na,Hexagonal,143,0.85,19.75,21.457,3.683,114.058,1282.06,5.076,0.3285,4.743,3.972
MAT_0794,K,Triclinic,176,0.915,24.859,110.984,2.307,140.704,2342.65,4.662,-3.8395,3.207,2.244
MAT_0795,Li,Monoclinic,104,0.111,27.465,120.181,0.926,50.041,994.89,7.571,-0.7807,4.385,2.868
MAT_0796,Ca,Orthorhombic,210,0.707,42.383,33.636,2.643,91.012,2172.48,6.73,-0.1853,3.38,3.425
MAT_0797,Zn,Monoclinic,42,0.147,8.117,65.945,1.485,85.399,407.22,7.585,-0.2026,1.785,2.893
MAT_0798,Na,Orthorhombic,60,0.594,6.907,31.515,3.191,92.582,2566.4,4.51,0.4304,2.563,3.868
MAT_0799,K,Triclinic,212,0.359,26.555,101.859,3.235,187.004,1510.06,5.353,-0.3548,3.379,3.151
MAT_0800,Zn,Tetragonal,198,0.376,43.344,79.595,3.735,97.545,2019.07,2.381,0.6391,4.801,4.022
MAT_0801,K,Monoclinic,12,0.418,15.639,92.592,2.256,82.559,897.34,2.049,-2.3367,1.268,2.327
MAT_0802,Li,Orthorhombic,130,0.659,40.283,35.543,2.11,135.725,2128.1,4.161,-1.484,4.375,3.317
MAT_0803,Na,Tetragonal,7,0.401,19.291,37.527,3.036,197.16,2385.05,2.28,-3.9296,4.62,2.92
MAT_0804,K,Hexagonal,80,0.759,53.735,15.395,1.111,91.029,1577.68,2.59,-3.9652,3.352,2.614
MAT_0805,Li,Orthorhombic,131,0.464,54.263,51.869,2.395,63.351,1967.86,10.036,-2.7994,4.656,3.677
MAT_0806,Mg,Triclinic,109,0.162,21.351,82.767,2.393,110.589,1532.08,1.908,-3.496,1.989,2.649
MAT_0807,Zn,Hexagonal,3,0.805,17.65,121.532,0.977,177.101,2714.05,8.419,-2.6989,4.765,2.248
MAT_0808,Zn,Hexagonal,27,0.357,27.622,96.701,1.996,143.617,1644.25,4.362,-3.1148,3.514,2.635
MAT_0809,Na,Cubic,114,0.489,18.229,66.602,3.345,188.855,2572.88,10.651,-3.8574,0.21,2.709
MAT_0810,Li,Monoclinic,107,0.717,41.981,133.906,3.354,213.131,2463.65,6.592,0.5465,4.534,3.495
MAT_0811,Al,Orthorhombic,40,0.399,50.434,103.502,1.008,184.753,1408.36,4.709,-3.9589,2.422,2.176
MAT_0812,Ca,Hexagonal,230,0.151,42.02,130.921,0.981,152.647,921.23,6.935,-0.3196,2.302,2.088
MAT_0813,Li,Cubic,161,0.437,50.339,78.586,1.514,133.868,1396.42,5.511,-3.2393,2.832,2.397
MAT_0814,Zn,Triclinic,220,0.95,26.835,43.658,3.412,56.812,2530.79,7.425,0.5611,0.747,4.043
MAT_0815,Ca,Tetragonal,129,0.678,13.597,16.867,1.1,217.335,914.61,2.703,0.464,2.346,2.418
MAT_0816,Na,Orthorhombic,8,0.704,45.587,104.391,2.932,115.192,1715.98,11.968,-0.7305,4.156,3.333
MAT_0817,Na,Hexagonal,101,0.669,24.826,25.769,1.014,75.879,2476.46,5.968,-0.6388,0.077,2.979
MAT_0818,Li,Monoclinic,160,0.279,41.92,49.361,2.632,163.341,1254.39,5.156,-3.9733,1.365,2.893
MAT_0819,Li,Cubic,124,0.477,19.885,79.221,1.804,98.329,2033.97,8.957,0.9244,0.012,3.22
MAT_0820,Li,Hexagonal,176,0.776,9.468,83.374,3.146,149.582,963.21,5.321,0.3892,2.079,3.35
MAT_0821,Mg,Monoclinic,107,0.191,59.592,88.076,1.424,149.751,595.05,10.249,0.4755,3.642,2.423
MAT_0822,Li,Hexagonal,101,0.35,13.591,31.613,2.682,125.774,2444.84,6.27,-0.7038,3.994,3.449
MAT_0823,Li,Orthorhombic,4,0.349,59.363,59.366,1.431,192.14,567.22,9.055,-2.2761,4.726,2.659
MAT_0824,Li,Orthorhombic,222,0.489,58.75,90.235,2.912,95.044,1032.73,2.628,0.4682,3.043,4.004
MAT_0825,Na,Orthorhombic,198,0.982,48.66,136.076,3.408,126.268,2608.8,10.384,-2.5424,1.273,3.256
MAT_0826,Zn,Triclinic,110,0.161,41.268,104.592,1.093,141.408,1235.47,9.225,-1.1864,4.621,2.244
MAT_0827,Li,Triclinic,19,0.567,36.779,129.938,3.386,162.816,2927.22,3.723,-3.5013,3.877,3.158
MAT_0828,Li,Cubic,32,0.261,52.636,109.088,2.54,183.275,2945.28,3.026,0.6098,2.872,3.251
MAT_0829,Mg,Orthorhombic,137,0.974,20.919,86.923,1.094,117.117,1024.35,4.821,-3.2961,3.478,2.49
MAT_0830,Na,Monoclinic,12,0.202,30.722,34.963,2.025,159.828,410.64,11.749,-2.8755,4.622,2.426
MAT_0831,Li,Hexagonal,139,0.463,39.066,96.669,1.199,75.604,2203.67,4.197,-1.2093,3.562,2.735
MAT_0832,Na,Tetragonal,46,0.764,27.615,91.039,2.871,208.55,1517.66,6.289,-0.1795,1.842,2.915
MAT_0833,Li,Monoclinic,119,0.734,28.512,88.321,3.052,115.12,572.03,1.815,-0.9032,3.565,3.566
MAT_0834,Li,Triclinic,16,0.48,23.166,73.672,1.028,174.019,2210.31,5.671,-2.8393,0.201,2.198
MAT_0835,Na,Triclinic,129,0.412,36.033,78.725,2.269,53.458,384.17,7.499,-3.9953,1.932,2.569
MAT_0836,Li,Monoclinic,63,0.458,51.782,53.478,3.225,84.882,2649.53,11.508,-0.2142,2.032,3.82
MAT_0837,Zn,Triclinic,109,0.338,16.084,77.511,3.602,132.804,674.36,6.926,0.926,0.834,3.704
MAT_0838,Li,Orthorhombic,119,0.285,56.394,35.682,2.292,199.303,643.74,10.101,0.0496,0.115,2.99
MAT_0839,Na,Cubic,21,0.535,42.9,114.673,3.646,139.633,774.32,7.245,-1.699,0.667,3.075
MAT_0840,K,Hexagonal,158,0.342,50.28,34.151,2.361,208.078,2892.72,1.928,0.5188,3.273,2.95
MAT_0841,Li,Cubic,13,0.359,35.59,21.046,1.922,132.245,2171.56,4.808,-1.9508,4.011,3.085
MAT_0842,K,Hexagonal,162,0.691,47.873,66.712,3.329,133.376,2463.7,7.543,-1.3753,4.941,3.394
MAT_0843,Li,Hexagonal,4,0.972,5.891,95.58,2.228,70.357,1373.61,11.481,-1.6144,1.732,3.464
MAT_0844,Al,Cubic,156,0.643,50.011,66.903,2.163,186.452,1208.04,10.521,-1.7619,2.997,2.387
MAT_0845,Li,Monoclinic,102,0.169,7.208,45.978,2.22,91.984,933.11,3.898,-0.124,4.686,3.51
MAT_0846,Li,Hexagonal,223,0.168,53.945,82.562,3.325,202.934,1597.75,3.811,-1.3662,0.835,3.627
MAT_0847,Li,Cubic,59,0.956,59.558,55.11,3.279,204.84,1789.94,3.612,-2.4164,3.588,3.05
MAT_0848,Al,Hexagonal,128,0.368,21.174,131.273,1.951,210.363,2005.79,11.186,-2.7092,3.775,2.746
MAT_0849,Na,Tetragonal,27,0.183,16.568,129.944,1.733,138.439,994.22,10.453,-3.8113,0.445,2.4
MAT_0850,Na,Monoclinic,69,0.639,47.095,75.308,2.225,165.106,2861.37,9.636,-1.084,4.306,2.535
MAT_0851,Li,Orthorhombic,25,0.661,18.916,52.625,2.476,182.348,758.35,5.624,-2.8502,4.066,2.897
MAT_0852,Mg,Hexagonal,131,0.684,52.606,105.827,1.439,72.272,2907.26,6.796,-3.2593,0.167,2.476
MAT_0853,Li,Tetragonal,97,0.341,10.656,14.773,3.161,152.163,340.11,6.375,-0.7309,0.455,3.405
MAT_0854,Ca,Orthorhombic,196,0.114,11.928,71.72,2.208,55.831,1599.04,4.161,-0.594,0.246,3.246
MAT_0855,Li,Orthorhombic,25,0.969,58.853,53.722,1.736,134.586,1200.09,6.803,-0.2392,1.674,2.854
MAT_0856,Li,Hexagonal,148,0.326,42.061,129.67,1.031,76.323,1512.63,1.82,-1.4821,2.546,2.953
MAT_0857,Li,Cubic,162,0.708,51.579,11.56,1.44,81.097,1840.79,2.884,0.4703,2.662,3.332
MAT_0858,Na,Hexagonal,154,0.736,22.838,81.866,3.643,112.058,1476.09,10.809,0.6817,1.338,4.04
MAT_0859,Na,Tetragonal,126,0.649,42.207,106.286,1.646,123.514,1420.09,9.393,0.0369,4.558,2.922
MAT_0860,Li,Orthorhombic,133,0.382,37.683,73.052,1.223,155.939,2278.35,5.94,-0.822,1.841,2.443
MAT_0861,Mg,Hexagonal,227,0.344,38.173,21.102,2.128,62.653,2151.87,6.93,-2.4814,0.228,3.122
MAT_0862,Na,Cubic,189,0.638,42.539,136.42,1.652,135.628,2549.83,5.385,0.9147,1.501,2.92
MAT_0863,Na,Hexagonal,220,0.879,36.645,77.341,0.809,81.046,974.89,9.278,-2.6293,2.656,2.687
MAT_0864,Li,Monoclinic,221,0.952,28.598,89.844,1.702,147.576,1945.73,9.734,-2.9867,2.041,2.555
MAT_0865,Li,Cubic,9,0.195,20.176,40.759,2.387,158.359,1880.03,9.514,-1.7892,1.369,3.059
MAT_0866,Na,Tetragonal,116,0.239,47.272,72.855,2.41,144.641,1298.29,9.087,-3.7158,0.657,2.331
MAT_0867,Li,Orthorhombic,230,0.95,17.445,65.789,1.805,175.51,1612.36,3.647,0.8925,4.096,2.958
MAT_0868,Li,Hexagonal,178,0.763,43.079,19.736,2.087,107.054,1147.21,5.049,-1.0578,4.981,3.164
MAT_0869,Ca,Cubic,134,0.895,17.833,23.801,3.693,180.068,682.98,6.433,-1.2152,1.648,3.241
MAT_0870,Zn,Monoclinic,211,0.282,39.393,118.871,1.87,123.57,877.26,4.973,-0.721,1.908,3.112
MAT_0871,Li,Cubic,60,0.629,46.089,41.177,1.501,132.311,584.89,9.427,-1.5149,3.09,2.735
MAT_0872,Li,Triclinic,172,0.731,17.029,35.345,1.455,160.177,2144.29,4.958,-3.8397,3.592,2.335
MAT_0873,K,Monoclinic,121,0.712,8.297,75.638,2.119,53.121,2083.96,2.951,-0.9384,1.96,2.994
MAT_0874,Li,Tetragonal,139,0.467,12.204,109.937,3.055,161.179,2866.64,5.69,-0.4191,4.525,3.306
MAT_0875,Li,Orthorhombic,194,0.114,38.33,18.053,1.339,155.159,2270.13,11.789,-1.9163,2.8,2.517
MAT_0876,Li,Tetragonal,175,0.625,51.72,84.985,2.899,102.674,440.52,3.872,-0.2135,2.252,3.748
MAT_0877,K,Hexagonal,108,0.328,7.475,25.497,0.766,64.585,2687.46,7.928,-2.865,3.233,2.293
MAT_0878,K,Cubic,108,0.505,45.378,14.74,1.999,65.459,2629.22,6.046,-2.8936,4.764,2.365
MAT_0879,Li,Triclinic,201,0.962,23.773,16.857,3.105,206.948,1496.96,2.246,-3.1929,3.973,3.039
MAT_0880,Li,Monoclinic,213,0.459,31.319,118.441,1.75,167.177,1881.83,6.623,-2.14,0.2,2.406
MAT_0881,Li,Monoclinic,216,0.856,56.087,25.336,2.448,71.607,2935.41,8.873,0.2351,1.662,3.467
MAT_0882,K,Cubic,226,0.27,23.258,15.87,1.335,110.643,1737.22,6.889,0.1396,2.353,2.59
MAT_0883,Li,Triclinic,214,0.705,30.594,66.927,3.0,150.722,2744.37,10.657,-2.0859,1.573,3.425
MAT_0884,Li,Cubic,131,0.979,5.753,119.719,0.862,192.047,524.2,4.534,-1.0544,3.501,2.34
MAT_0885,Mg,Hexagonal,76,0.192,9.488,44.113,3.343,57.422,815.84,2.406,-0.3959,4.131,4.279
MAT_0886,Li,Tetragonal,220,0.107,19.223,64.823,1.314,90.228,1490.04,11.334,-2.794,3.657,2.404
MAT_0887,K,Monoclinic,30,0.49,6.532,15.19,3.411,201.257,1878.84,5.471,-3.1593,4.947,2.712
MAT_0888,Li,Hexagonal,218,0.183,39.726,68.38,1.793,51.558,2503.82,7.552,0.8605,1.363,3.462
MAT_0889,Li,Tetragonal,21,0.774,28.452,85.09,2.94,84.238,2968.31,9.816,-0.9122,4.375,3.771
MAT_0890,Li,Hexagonal,156,0.923,35.148,84.218,1.69,213.034,1349.9,4.905,0.9071,3.833,2.953
MAT_0891,Mg,Triclinic,218,0.491,14.606,53.215,3.508,154.278,428.02,9.02,-2.3112,1.811,2.986
MAT_0892,Ca,Monoclinic,190,0.333,21.276,51.019,1.093,94.484,2463.16,2.922,-0.4848,3.671,2.333
MAT_0893,Ca,Cubic,161,0.491,41.51,23.861,1.253,61.388,1931.83,4.559,-2.887,0.52,2.131
MAT_0894,Li,Cubic,213,0.751,58.092,57.684,2.228,54.793,836.07,3.019,-2.694,3.947,3.103
MAT_0895,K,Tetragonal,163,0.108,7.773,22.934,0.954,91.607,1636.04,10.018,-1.4405,2.662,2.265
MAT_0896,Li,Orthorhombic,180,0.631,53.971,109.657,1.308,199.853,2304.24,3.838,-2.4019,1.461,2.3
MAT_0897,Li,Triclinic,34,0.652,36.728,135.616,3.626,120.705,2380.11,9.033,-3.1619,3.279,3.512
MAT_0898,Ca,Tetragonal,41,0.674,36.016,136.11,3.727,172.457,1648.97,11.405,-2.6856,3.208,3.492
MAT_0899,Li,Orthorhombic,51,0.318,32.515,122.459,1.866,206.108,1124.08,7.042,-3.8213,1.047,2.31
MAT_0900,Li,Hexagonal,175,0.743,8.817,88.103,3.562,119.367,2929.1,7.17,-0.4779,0.152,4.046
MAT_0901,Li,Triclinic,82,0.182,9.943,101.113,2.389,82.517,2091.08,6.341,-1.5394,2.168,3.195
MAT_0902,Li,Hexagonal,58,0.279,38.05,47.077,1.536,137.91,1402.24,4.922,-3.5288,2.848,3.121
MAT_0903,Li,Monoclinic,75,0.89,23.753,92.0,2.877,204.374,1057.25,6.494,-3.1415,4.383,2.36
MAT_0904,Na,Triclinic,185,0.765,55.45,69.234,2.743,186.744,2273.98,7.829,-3.4873,4.641,2.44
MAT_0905,Li,Orthorhombic,23,0.112,27.362,72.662,3.766,61.191,953.9,11.853,-0.937,2.644,4.294
MAT_0906,Ca,Monoclinic,176,0.324,12.88,108.511,1.522,167.737,763.62,11.347,-3.5289,3.769,1.894
MAT_0907,Mg,Cubic,128,0.293,44.31,46.649,2.783,147.223,1730.55,10.553,-0.2286,2.197,3.427
MAT_0908,Li,Orthorhombic,150,0.344,21.134,51.345,0.861,204.269,1082.97,10.836,-3.8974,3.73,1.981
MAT_0909,Li,Tetragonal,17,0.323,33.901,130.203,1.052,70.822,1998.04,6.412,-2.7531,1.024,2.722
MAT_0910,Li,Cubic,69,0.156,43.381,17.309,0.712,140.786,618.43,8.403,0.4533,1.855,2.376
MAT_0911,Na,Cubic,108,0.513,54.515,73.132,3.798,199.509,2068.34,10.898,-0.4073,3.171,3.479
MAT_0912,Li,Tetragonal,139,0.759,48.571,128.664,3.187,119.704,1064.9,5.626,-3.6352,0.091,3.316
MAT_0913,K,Triclinic,94,0.646,42.2,89.347,3.139,131.939,300.66,11.599,0.1056,3.612,3.181
MAT_0914,Li,Cubic,15,0.706,42.38,81.033,2.28,61.978,642.73,5.866,-1.5348,4.178,3.503
MAT_0915,Na,Orthorhombic,91,0.173,57.026,42.467,1.63,97.284,2820.76,7.811,0.2339,1.996,3.163
MAT_0916,Li,Monoclinic,163,0.956,21.27,54.626,1.169,105.166,2641.86,8.953,-0.9963,2.24,2.427
MAT_0917,Li,Cubic,33,0.855,5.061,120.766,1.582,210.671,930.74,11.481,-0.5908,4.256,2.717
MAT_0918,Zn,Orthorhombic,212,0.825,19.958,82.698,1.866,98.053,2401.6,4.068,0.9675,3.878,3.078
MAT_0919,Mg,Hexagonal,125,0.841,16.984,76.916,3.045,128.348,1943.14,9.334,-2.8383,1.441,3.463
MAT_0920,Li,Orthorhombic,16,0.939,41.401,22.945,2.373,164.122,2921.44,6.969,-0.8803,1.62,3.029
MAT_0921,Ca,Monoclinic,162,0.59,39.854,12.084,0.94,77.571,1308.74,4.32,-1.6984,3.394,1.913
MAT_0922,Na,Orthorhombic,66,0.28,37.64,135.279,0.756,132.695,2139.94,9.654,-3.8027,2.816,2.101
MAT_0923,Ca,Tetragonal,227,0.655,5.893,59.008,1.017,175.552,471.55,7.298,-3.9276,0.811,1.663
MAT_0924,Mg,Monoclinic,168,0.769,45.083,88.418,1.973,197.365,1369.87,8.44,-3.4039,1.55,2.362
MAT_0925,Li,Triclinic,156,0.764,22.794,20.363,3.593,156.464,2902.31,4.89,-0.7545,4.5,3.903
MAT_0926,Li,Hexagonal,47,0.569,41.578,98.805,2.676,163.739,1755.25,6.553,-1.1642,3.441,3.425
MAT_0927,Li,Tetragonal,167,0.162,35.612,131.234,3.186,71.468,1077.27,7.982,-1.2329,4.93,3.841
MAT_0928,Na,Triclinic,198,0.434,23.85,84.836,2.146,210.782,624.73,5.752,-3.8407,3.835,2.103
MAT_0929,K,Orthorhombic,201,0.929,12.402,26.395,1.821,72.538,2199.53,3.583,-1.6535,4.71,2.64
MAT_0930,Li,Monoclinic,148,0.626,10.193,85.624,1.036,181.694,2041.11,11.597,0.6231,1.081,2.458
MAT_0931,Li,Hexagonal,124,0.584,50.734,109.625,3.415,95.019,1309.63,6.87,-2.012,3.857,4.233
MAT_0932,Ca,Tetragonal,1,0.342,55.512,62.834,3.128,208.711,2867.54,9.206,-0.8754,0.101,2.781
MAT_0933,Al,Triclinic,200,0.432,40.738,124.379,1.221,172.393,359.95,5.816,-0.1009,3.354,2.355
MAT_0934,Na,Triclinic,87,0.906,10.689,94.329,2.288,178.148,1120.05,5.229,-0.0804,2.346,2.976
MAT_0935,Li,Hexagonal,128,0.7,27.111,126.902,2.211,87.24,2786.89,5.775,-1.4036,1.734,3.108
MAT_0936,Li,Orthorhombic,191,0.809,45.092,91.056,2.638,125.317,1166.53,5.797,0.2898,4.312,3.776
MAT_0937,Li,Hexagonal,67,0.509,47.89,27.067,3.633,155.028,981.08,7.214,-2.0431,4.271,3.452
MAT_0938,Zn,Triclinic,4,0.667,11.502,50.26,2.497,180.896,1742.4,7.206,0.4435,0.112,2.932
MAT_0939,Li,Cubic,186,0.324,5.002,36.233,2.375,67.673,2524.26,6.72,-2.7989,3.048,3.276
MAT_0940,Na,Tetragonal,153,0.735,44.168,128.147,0.856,213.602,578.5,2.915,-2.5989,1.839,1.843
MAT_0941,Li,Hexagonal,47,0.485,24.613,108.852,0.895,201.338,2846.16,6.709,-3.7344,2.078,1.868
MAT_0942,Na,Triclinic,38,0.498,18.996,97.932,1.281,95.959,2446.7,3.276,-0.0221,4.16,2.558
MAT_0943,K,Orthorhombic,143,0.684,5.709,49.126,0.801,189.869,789.38,2.824,-1.9147,1.549,1.892
MAT_0944,Ca,Triclinic,191,0.943,34.716,33.926,3.004,138.115,2222.42,11.293,-2.8544,4.715,2.832
MAT_0945,Li,Orthorhombic,21,0.158,51.813,108.339,2.942,128.507,1339.39,7.852,-2.841,0.898,3.395
MAT_0946,Li,Hexagonal,227,0.842,57.67,71.641,1.122,103.454,1386.2,8.425,0.507,3.314,3.156
MAT_0947,Li,Orthorhombic,57,0.363,36.116,39.353,3.292,148.765,2414.88,5.719,0.1696,3.361,3.706
MAT_0948,Zn,Monoclinic,117,0.5,33.295,90.161,1.18,174.081,2899.52,11.044,-1.2323,1.261,2.108
MAT_0949,Ca,Monoclinic,181,0.12,9.678,15.243,1.634,119.859,641.97,8.198,-0.9194,1.624,2.504
MAT_0950,Na,Monoclinic,46,0.371,35.188,52.402,1.472,156.967,1435.7,9.576,-1.6284,4.174,2.304
MAT_0951,K,Cubic,142,0.552,25.899,70.912,1.854,168.883,1598.54,5.37,-2.0417,3.809,2.454
MAT_0952,K,Hexagonal,228,0.151,38.392,29.235,1.489,170.891,1316.04,11.58,0.5774,1.645,2.4
MAT_0953,Li,Triclinic,204,0.542,26.38,138.005,2.216,58.834,1280.61,10.115,-3.3719,2.67,2.928
MAT_0954,Zn,Triclinic,145,0.934,18.216,37.183,1.963,196.157,441.13,10.466,-1.9078,0.308,2.468
MAT_0955,Li,Cubic,39,0.195,10.223,26.946,3.758,127.903,2150.95,3.308,-2.2772,1.044,3.577
MAT_0956,Li,Orthorhombic,137,0.788,22.321,36.46,0.873,94.611,1477.78,4.345,-1.5092,2.429,2.622
MAT_0957,Na,Cubic,99,0.469,10.315,109.978,1.141,91.1,825.94,4.499,-1.7118,0.43,1.997
MAT_0958,Li,Orthorhombic,77,0.69,14.729,65.316,0.864,132.112,2503.29,4.345,-1.4056,4.217,2.436
MAT_0959,Li,Orthorhombic,207,0.334,59.303,83.504,2.64,200.761,2466.91,10.482,-3.3004,3.59,2.722
MAT_0960,Mg,Tetragonal,210,0.244,29.426,12.731,0.869,114.319,1613.26,1.835,-1.4343,4.718,2.375
MAT_0961,Li,Triclinic,115,0.244,34.253,14.476,3.293,177.453,1105.82,2.299,-2.7879,3.467,2.981
MAT_0962,K,Monoclinic,225,0.163,53.049,67.957,2.287,66.459,2022.85,4.376,-3.0783,4.702,2.875
MAT_0963,Li,Orthorhombic,134,0.267,59.756,116.165,2.334,130.93,1078.01,3.599,-3.6758,2.773,2.801
MAT_0964,Li,Tetragonal,219,0.698,37.049,125.081,2.441,218.587,937.22,3.935,-0.1867,3.001,2.871
MAT_0965,Li,Triclinic,151,0.894,49.686,21.272,1.23,180.974,2272.39,9.878,-1.8628,4.885,2.402
MAT_0966,Li,Monoclinic,187,0.833,22.982,79.987,1.313,85.79,408.88,7.413,-0.8668,3.211,2.708
MAT_0967,K,Orthorhombic,91,0.717,21.816,128.72,1.688,135.245,555.87,1.561,-0.362,0.154,2.819
MAT_0968,Li,Orthorhombic,98,0.199,27.149,60.436,2.54,89.716,318.33,6.008,-0.6034,3.619,3.731
MAT_0969,Na,Cubic,120,0.36,41.988,117.844,1.351,119.625,712.95,5.783,-1.6475,4.527,2.336
MAT_0970,Na,Cubic,46,0.379,42.521,27.38,1.061,182.614,486.27,2.696,-2.0605,3.978,2.282
MAT_0971,K,Triclinic,38,0.325,22.338,131.601,3.707,181.108,2988.67,8.599,-2.1202,2.919,3.123
MAT_0972,Zn,Monoclinic,142,0.564,12.327,107.685,0.768,88.777,1079.79,8.872,-0.7998,3.357,2.235
MAT_0973,Mg,Orthorhombic,100,0.582,39.782,132.373,3.188,206.778,703.02,9.069,-1.526,4.951,3.06
MAT_0974,Li,Triclinic,72,0.421,12.058,97.96,3.143,150.737,950.69,9.149,0.2457,0.453,3.328
MAT_0975,Li,Triclinic,190,0.418,36.817,57.243,1.621,114.587,2827.54,1.501,0.3735,3.336,2.745
MAT_0976,Li,Hexagonal,35,0.846,43.138,131.964,1.12,135.329,1704.43,11.516,-3.1472,1.417,2.355
MAT_0977,Na,Cubic,147,0.81,43.534,45.824,1.151,152.862,1285.01,10.049,-3.3188,3.2,2.047
MAT_0978,Li,Monoclinic,30,0.377,46.441,53.182,2.862,145.181,2658.16,10.992,-0.848,3.038,3.417
MAT_0979,Na,Orthorhombic,78,0.922,53.007,101.105,2.693,132.689,1366.47,1.664,-2.4939,0.767,2.993
MAT_0980,Na,Triclinic,84,0.958,32.498,109.491,3.127,135.839,1204.52,11.306,-3.9071,1.034,2.776
MAT_0981,Li,Orthorhombic,113,0.394,45.164,130.822,3.606,79.99,859.66,10.003,0.4432,3.108,4.144
MAT_0982,Mg,Hexagonal,25,0.419,39.055,36.624,2.845,188.165,1320.05,10.291,-2.8655,0.641,2.701
MAT_0983,Li,Monoclinic,168,0.555,15.265,113.74,1.183,142.099,1155.05,2.48,0.6464,1.326,2.832
MAT_0984,Li,Triclinic,88,0.947,6.413,106.011,1.455,72.284,2128.72,9.257,-0.4128,4.176,3.17
MAT_0985,Mg,Orthorhombic,14,0.889,20.65,18.293,3.311,180.247,1081.87,11.579,-0.1867,1.635,3.406
MAT_0986,Na,Cubic,154,0.192,29.367,60.339,1.349,208.515,1858.44,8.625,-2.9927,2.44,1.754
MAT_0987,K,Hexagonal,102,0.453,38.941,46.76,0.925,211.042,477.91,7.491,-2.829,4.706,2.04
MAT_0988,Li,Monoclinic,215,0.598,51.748,49.584,2.88,112.733,816.48,11.429,-1.3937,1.136,3.404
MAT_0989,Li,Hexagonal,150,0.553,15.794,137.783,1.948,73.038,1399.99,6.151,-3.1395,1.948,3.182
MAT_0990,Mg,Cubic,176,0.274,11.905,93.561,3.552,138.128,2829.76,7.793,-2.4728,3.032,3.541
MAT_0991,Mg,Monoclinic,83,0.873,57.991,103.298,2.716,69.144,1318.58,6.502,-2.3927,3.777,3.125
MAT_0992,K,Hexagonal,110,0.709,10.942,136.96,0.98,208.778,2093.0,11.295,-3.2019,4.508,2.033
MAT_0993,Li,Tetragonal,179,0.854,31.317,59.036,3.638,81.209,988.74,2.299,-2.9741,4.577,3.738
MAT_0994,Na,Cubic,131,0.873,37.206,114.239,1.502,92.97,642.99,6.762,-0.0572,3.883,3.081
MAT_0995,Li,Cubic,170,0.774,34.776,66.489,1.745,119.128,458.05,8.713,-3.164,1.142,2.988
MAT_0996,Li,Cubic,19,0.495,9.732,123.039,1.947,115.138,1124.62,9.815,-3.8577,0.124,2.711
MAT_0997,Zn,Tetragonal,201,0.649,8.136,33.485,0.859,185.093,725.68,7.622,-0.8532,1.919,1.891
MAT_0998,Li,Tetragonal,28,0.244,10.802,133.199,2.239,127.574,769.83,11.044,0.8799,0.708,2.845
MAT_0999,Zn,Orthorhombic,212,0.706,37.207,38.44,1.082,79.031,2354.05,11.391,-2.3439,3.552,2.596
MAT_1000,Li,Triclinic,173,0.261,34.939,52.409,1.943,95.426,342.76,2.175,-3.4067,3.306,2.799
